form	lemma	POS	morph
བློ་ལྡན་	བློ་ལྡན་	NOUN
རྒྱ་ནག་	རྒྱ་ནག་	PROPN
གི་	གི་	PART
རྒྱལ་རབས་	རྒྱལ་རབས་	NOUN
བཞུགས་	བཞུགས་	VERB
སོ་	གོ་	PART
། །		PUNCT
ན་མོ་	ན་མོ་	X
ཨརྱ་		NON_WORD
མཉྫུ་		NON_WORD
ཤྲཱི་		NON_WORD
ཡེ་	ཡེ་	ADV
།		PUNCT
བློ་གྲོས་	བློ་གྲོས་	NOUN
མཁྱེན་བརྩེ་	མཁྱེན་བརྩེ་	PROPN
འི་	གི་	PART
འོད་	འོད་	NOUN
ཀྱི་	གི་	PART
འགྲོ་	འགྲོ་	VERB
ཀུན་	ཀུན་	DET
གྱིས་	གིས་	PART
། །		PUNCT
བློ་ངན་	བློ་ངན་	NOUN
མ་རིག་	མ་རིག་	NOUN
མཐུག་པོ་	མཐུག་པོ་	NO_POS
རབ་	རབ་	ADV
བསལ་	བསལ་	VERB
ན་	ནས་	PART
། །		PUNCT
བློ་གསལ་	བློ་གསལ་	OTHER
སྤོབས་པ་	སྤོབས་པ་	VERB
འི་	གི་	PART
སྣང་བ་	སྣང་བ་	VERB
མཆོག་	མཆོག་	ADJ
སྩོལ་བ་	སྩོལ་བ་	VERB
འི་	གི་	PART
། །		PUNCT
བློ་ལྡན་	བློ་ལྡན་	NOUN
འཇམ་དབྱངས་	འཇམ་དབྱངས་	PROPN
ཞབས་	ཞབས་	NOUN
ལ་	ལ་	PART
གུ་	གུ་	VERB
བཏུད་	བཏུད་	NO_POS
ན་	ནས་	PART
། །		PUNCT
དེ་	སྟེ་	PART
ཡི་	གི་	PART
ཞིང་མཆོག་	ཞིང་མཆོག་	OTHER
རི་བོ་	རི་བོ་	NOUN
རྩེ་	རྩེ་	NOUN
ལྔ་	ལྔ་	NUM
ཞེ་	ཅེས་	PART
། །		PUNCT
དེ་ལྟ་	དེ་ལྟ་	NO_POS
འི་	གི་	PART
འཁོར་ཡུག་	འཁོར་ཡུག་	OTHER
རྒྱ་ནག་	རྒྱ་ནག་	PROPN
ཐང་	ཐང་	NOUN
གི་	གི་	PART
ཡུལ་	ཡུལ་	NOUN
། །		PUNCT
དེ་ཉིད་	དེ་ཉིད་	NOUN
བཟུང་	བཟུང་	NO_POS
འཛིན་	འཛིན་	VERB
རྒྱལ་རྒྱུད་	རྒྱལ་རྒྱུད་	NOUN
བྱུང་ཚུལ་	བྱུང་ཚུལ་	VERB
རྣམས་	རྣམས་	DET
། །		PUNCT
དེ་	དེ་	DET
འང་	ཀྱང་	PART
འདི་	འདི་	DET
ར་	ལ་	PART
མདོར་བསྡུས་	མདོར་བསྡུས་	OTHER
དོན་	དོན་	NOUN
གསལ་	གསལ་	VERB
འབྲི་བ་	འབྲི་བ་	VERB
ར་	ལ་	PART
བྱ་	བྱ་	VERB
།		PUNCT
རྒྱ་ནག་པོ་	རྒྱ་ནག་པོ་	PROPN
འི་	གི་	PART
ཡིག་ཚང་	ཡིག་ཚང་	NOUN
ལ་	ལ་	PART
།		PUNCT
ཅེ་	ཅེ་	NO_POS
ཧུ་	ཧུ་	NO_POS
ཝང་	ཝང་	NO_POS
ཞེས་་	ཞེས་པ་	PART
འི་	གི་	PART
རྒྱལ་རབས་	རྒྱལ་རབས་	NOUN
བཞི་པ་	བཞི་པ་	ADJ
།		PUNCT
ཤིང་ཕོ་	ཤིང་ཕོ་	NO_POS
རྟ་ལོ་	རྟ་ལོ་	NO_POS
ལ་	ལ་	PART
རྒྱལ་ས་	རྒྱལ་ས་	OTHER
ར་	ལ་	PART
བཏོན་	བཏོན་	NO_POS
ན་	ནས་	PART
།		PUNCT
ལོ་	གོ་	PART
ཉི་ཤུ་	ཉི་ཤུ་	NUM
རྩ་	རྩ་	NUM
གཅིག་	གཅིག་	NUM
ལོན་པ་	ལོན་པ་	VERB
འི་	གི་	PART
དུས་	དུས་	NOUN
སུ་	ལ་	PART
།		PUNCT
ཤིང་ཕོ་	ཤིང་ཕོ་	NO_POS
སྟག་ལོ་	སྟག་ལོ་	PROPN
ཟླ་བ་	ཟླ་བ་	NOUN
བཞི་པ་	བཞི་པ་	ADJ
འི་	གི་	PART
ཚེ་	ཚེ་	NOUN
བརྒྱད་	བརྒྱད་	NUM
ལ་	ལ་	PART
།		PUNCT
རྒྱ་གར་	རྒྱ་གར་	PROPN
དུ་	ལ་	PART
བཅོམ་ལྡན་འདས་	བཅོམ་ལྡན་འདས་	NOUN
རྒྱལ་བ་	རྒྱལ་བ་	NOUN
ཤཱཀྱ་	ཤཱཀྱ་	PROPN
ཐུབ་པ་	ཐུབ་པ་	VERB
རྒྱལ་བུ་	རྒྱལ་བུ་	NOUN
དོན་གྲུབ་	དོན་གྲུབ་	PROPN
ཏུ་	ལ་	PART
སྤྲུལ་	སྤྲུལ་	VERB
ན་	ནས་	PART
སྐུ་	སྐུ་	NOUN
འཁྲུངས་	འཁྲུངས་	NO_POS
།		PUNCT
དེ་	དེ་	DET
འི་	གི་	PART
འོད་	འོད་	NOUN
དང་	དང་	NO_POS
ཆོ་འཕྲུལ་	ཆོ་འཕྲུལ་	NOUN
རྣམས་	རྣམས་	DET
རྒྱ་ནག་	རྒྱ་ནག་	PROPN
ཡུལ་	ཡུལ་	NOUN
དུའང་		NON_WORD
མཐོང་བ་	མཐོང་བ་	VERB
ས་	གིས་	PART
།		PUNCT
རྩི་	རྩི་	NOUN
བྱ་	བྱ་	VERB
དུས་	དུས་	NOUN
།		PUNCT
སངས་རྒྱས་	སངས་རྒྱས་	NOUN
འབྱཽན་པ་	འབྱཽན་པ་	NON_WORD
ར་	ལ་	PART
ཤེ་	ཤེ་	VERB
ཤིང་	ཅིང་	PART
།		PUNCT
དེ་	དེ་	DET
འི་	གི་	PART
བསྟན་པ་	བསྟན་པ་	VERB
རྒྱ་ནག་	རྒྱ་ནག་	PROPN
ཏུའང་		NON_WORD
འོང་བ་	འོང་བ་	VERB
ར་	ལ་	PART
འདུག་	འདུག་	VERB
ཟེ་	ཟེ་	VERB
།		PUNCT
རྒྱལ་བུ་	རྒྱལ་བུ་	NOUN
དོན་གྲུབ་	དོན་གྲུབ་	PROPN
དགུང་ལོ་	དགུང་ལོ་	NOUN
ཉི་ཤུ་	ཉི་ཤུ་	NUM
རྩ་	རྩ་	NUM
དགུ་པ་	དགུ་པ་	ADJ
ར་	ལ་	PART
རབ་ཏུ་	རབ་ཏུ་	NO_POS
བྱུང་	བྱུང་	VERB
།		PUNCT
སུམ་ཅུ་	སུམ་ཅུ་	OTHER
སོ་	གོ་	PART
ལྔ་	ལྔ་	NUM
ལ་	ལ་	PART
སངས་རྒྱས་	སངས་རྒྱས་	NOUN
།		PUNCT
དེ་ནས་	དེ་ནས་	NO_POS
ལོ་	གོ་	PART
བདུན་	བདུན་	NUM
འདས་པ་	འདས་པ་	VERB
ན་	ནས་	PART
།		PUNCT
ཡུམ་	ཡུམ་	NOUN
ལ་	ལ་	PART
ཆོ་	ཆོ་	NOUN
འཆད་པ་	འཆད་པ་	VERB
འི་	གི་	PART
དོན་	དོན་	NOUN
ལ་	ལ་	PART
ལྷ་ཡུལ་	ལྷ་ཡུལ་	NOUN
དུ་	ལ་	PART
བྱོན་	བྱོན་	VERB
།		PUNCT
ཟླ་བ་	ཟླ་བ་	NOUN
གསུམ་	གསུམ་	NUM
བཞུགས་	བཞུགས་	VERB
།		PUNCT
དེ་	དེ་	DET
འི་	གི་	PART
ཤུལ་	ཤུལ་	NOUN
དུ་	ལ་	PART
རྒྱལ་པོ་	རྒྱལ་པོ་	NOUN
ཨུ་	ཨུ་	NO_POS
ཊ་	ཊ་	NO_POS
ཡ་	ཡ་	NOUN
ན་	ནས་	PART
མོའུ་		NON_WORD
འགལ་	འགལ་	VERB
གྱི་	གི་	PART
བུ་	བུ་	NOUN
ལ་	ལ་	PART
བསྐུལ་	བསྐུལ་	VERB
ན་	ནས་	PART
།		PUNCT
ལྷ་	ལྷ་	NOUN
འི་	གི་	PART
ཡུལ་	ཡུལ་	NOUN
དུ་	ལ་	PART
སངས་རྒྱས་	སངས་རྒྱས་	NOUN
ཀྱི་	གི་	PART
སྐུ་ཚད་	སྐུ་ཚད་	NO_POS
།		PUNCT
ཙན་དན་	ཙན་དན་	NOUN
གོ་	གོ་	PART
ཤིརྵ་		NON_WORD
ལ་	ལ་	ADP
ས་	གིས་	PART
བཞེངས་	བཞེངས་	NO_POS
ཏེ་	སྟེ་	PART
མི་ཡུལ་	མི་ཡུལ་	NOUN
དུ་	ལ་	PART
གདན་	གདན་	NOUN
དྲངས་	དྲངས་	NO_POS
།		PUNCT
བཅོམ་ལྡན་འདས་	བཅོམ་ལྡན་འདས་	NOUN
ལྷ་	ལྷ་	NOUN
ལ་	ལ་	ADP
ས་	གིས་	PART
བབ་	བབ་	VERB
ན་	ནས་	PART
རྒྱ་གར་	རྒྱ་གར་	PROPN
དུ་	ལ་	PART
ཕེབས་པ་	ཕེབས་པ་	VERB
འི་	གི་	PART
ཚེ་	ཚེ་	NOUN
།		PUNCT
ཙན་དན་	ཙན་དན་	NOUN
གྱི་	གི་	PART
སྐུ་	སྐུ་	NOUN
དེ་	སྟེ་	PART
བཞེངས་	བཞེངས་	NO_POS
ན་	ནས་	PART
དབུ་	དབུ་	NOUN
བཏུད་	བཏུད་	NO_POS
ཏེ་	སྟེ་	PART
སྤྱི་བོ་	སྤྱི་བོ་	NOUN
ར་	ལ་	PART
ཕྱག་	ཕྱག་	NOUN
བཞག་	བཞག་	VERB
ན་	ནས་	PART
སྟོན་པ་	སྟོན་པ་	NOUN
མྱ་ངན་	མྱ་ངན་	NOUN
ལ་	ལ་	ADP
ས་	གིས་	PART
འདའ་	འདའ་	VERB
རྟིང་	རྟིང་	NO_POS
།		PUNCT
ལོ་	གོ་	PART
སྟོང་	སྟོང་	NUM
ལོན་པ་	ལོན་པ་	VERB
འི་	གི་	PART
ཚེ་	ཚེ་	NOUN
།		PUNCT
སྐུ་	སྐུ་	NOUN
འདི་	འདི་	DET
ས་	གིས་	PART
རྒྱ་ནག་	རྒྱ་ནག་	PROPN
གི་	གི་	PART
ཡུལ་	ཡུལ་	NOUN
དུ་	ལ་	PART
སེམས་ཅན་	སེམས་ཅན་	NOUN
གྱི་	གི་	PART
དོན་	དོན་	NOUN
བྱེད་པ་	བྱེད་པ་	VERB
ར་	ལ་	PART
འགྱུར་	འགྱུར་	VERB
རོ་	རོ་	NOUN
། །		PUNCT
ཞེ་	ཅེས་	PART
ལུང་བསྟན་	ལུང་བསྟན་	NOUN
།		PUNCT
དེ་ནས་	དེ་ནས་	NO_POS
ལོ་	གོ་	PART
སུམ་ཅུ་	སུམ་ཅུ་	OTHER
སོ་	གོ་	PART
བརྒྱད་	བརྒྱད་	NUM
སོང་བ་	སོང་བ་	VERB
འི་	གི་	PART
དགུང་ལོ་	དགུང་ལོ་	NOUN
བརྒྱད་ཅུ་	བརྒྱད་ཅུ་	NO_POS
ལ་	ལ་	PART
མྱ་ངན་	མྱ་ངན་	NOUN
ལ་	ལ་	ADP
ས་	གིས་	PART
འདའ་	འདའ་	VERB
སོ་	གོ་	PART
།།		PUNCT
དེ་ནས་	དེ་ནས་	NO_POS
ཆུ་མོ་	ཆུ་མོ་	OTHER
ཕག་	ཕག་	NOUN
ལ་	ལ་	PART
སེ་	སེ་	NO_POS
ཆེན་	ཆེན་	NO_POS
རྒྱལ་པོ་	རྒྱལ་པོ་	NOUN
རྒྱལ་ས་	རྒྱལ་ས་	OTHER
ར་	ལ་	PART
ཕེབས་	ཕེབས་	NO_POS
ན་	ནས་	PART
།		PUNCT
ལོ་	གོ་	PART
ངོ་	གོ་	PART
ཕྱེད་	ཕྱེད་	NUM
དང་	དང་	NO_POS
གསུམ་	གསུམ་	NUM
འགྲོ་	འགྲོ་	VERB
དུས་	དུས་	NOUN
བརྩིས་པ་	བརྩིས་པ་	VERB
ཡན་	ཡན་	ADV
ལ་ལོ་	ལ་ལོ་	NO_POS
སུམ་	སུམ་	NUM
སྟོང་	སྟོང་	NUM
བཞི་	བཞི་	NUM
བརྒྱ་	བརྒྱ་	NUM
བཅུ་གསུམ་	བཅུ་གསུམ་	NO_POS
སོང་	སོང་	VERB
།		PUNCT
ཙན་དན་	ཙན་དན་	NOUN
ཇོ་བོ་	ཇོ་བོ་	NOUN
བཞེངས་	བཞེངས་	NO_POS
ན་	ནས་	PART
ལོ་	གོ་	PART
སུམ་	སུམ་	NUM
སྟོང་	སྟོང་	NUM
བཞི་	བཞི་	NUM
བརྒྱ་	བརྒྱ་	NUM
ལྔ་	ལྔ་	NUM
བཅུ་	བཅུ་	NUM
རྩ་	རྩ་	NUM
ལྔ་	ལྔ་	NUM
འགྲོ་	འགྲོ་	VERB
ཟེར་བ་	ཟེར་བ་	VERB
།		PUNCT
རྒྱ་	རྒྱ་	NOUN
འི་	གི་	PART
ཙན་དན་	ཙན་དན་	NOUN
ཇོ་བོ་	ཇོ་བོ་	NOUN
འི་	གི་	PART
ལོ་རྒྱུས་	ལོ་རྒྱུས་	NOUN
ལ་	ལ་	PART
ཡོད་པ་	ཡོད་པ་	VERB
ར་	ལ་	PART
སྣང་	སྣང་	VERB
།		PUNCT
ཆུ་མོ་	ཆུ་མོ་	OTHER
ཕག་	ཕག་	NOUN
ན་	ནས་	PART
ཚལ་པ་	ཚལ་པ་	NOUN
འི་	གི་	PART
ཆོས་འབྱུང་	ཆོས་འབྱུང་	NOUN
།		PUNCT
མེ་ཕོ་	མེ་ཕོ་	OTHER
ཁྱི་ལོ་	ཁྱི་ལོ་	NO_POS
ལ་	ལ་	PART
བརྩིས་པ་	བརྩིས་པ་	VERB
ཡན་	ཡན་	ADV
ལ་	ལ་	PART
།		PUNCT
ལོ་	གོ་	PART
བརྒྱ་	བརྒྱ་	NUM
དང་	དང་	NO_POS
བཞི་	བཞི་	NUM
བཅུ་	བཅུ་	NUM
ཞེ་	ཞེ་	PART
བཞི་	བཞི་	NUM
འགྲོ་བ་	འགྲོ་བ་	VERB
ར་	ལ་	PART
འདུག་	འདུག་	VERB
དེ་ནས་	དེ་ནས་	NO_POS
དེང་སང་	དེང་སང་	ADV
ཤིང་ཕོ་	ཤིང་ཕོ་	NO_POS
སྟག་	སྟག་	NOUN
སྲོག་	སྲོག་	NOUN
རྨེ་	རྨེ་	NO_POS
བརྒྱད་	བརྒྱད་	NUM
དཀ་	དཀའ་	VERB
ར་	ལ་	PART
དབུ་	དབུ་	NOUN
ན་	ལ་	PART
ཡོད་པ་	ཡོད་པ་	VERB
འི་	གི་	PART
གོང་དཀར་བ་	གོང་དཀར་བ་	OTHER
ལ་	ལ་	PART
སྐྱེ་	སྐྱེ་	VERB
ན་	ནས་	PART
།		PUNCT
དབུ་	དབུ་	NOUN
གཙང་	གཙང་	PROPN
བདེ་དོག་	བདེ་དོག་	NO_POS
ཆེན་	ཆེན་	NO_POS
མོ་	གོ་	PART
ལངས་པ་	ལངས་པ་	VERB
འི་	གི་	PART
ལོ་	གོ་	PART
འདི་	འདི་	DET
ཡན་	ཡན་	ADV
ལ་ལོ་	ལ་ལོ་	NO_POS
བརྒྱད་ཅུ་	བརྒྱད་ཅུ་	NO_POS
གྱ་	གྱ་	NOUN
དགུ་	དགུ་	NUM
སོང་	སོང་	VERB
འདུག་	འདུག་	VERB
ཀུན་	ཀུན་	DET
དྲིལ་བ་	དྲིལ་བ་	VERB
ས་	གིས་	PART
སྟོན་པ་	སྟོན་པ་	NOUN
ས་ཕོ་	ས་ཕོ་	NO_POS
འབྲུག་	འབྲུག་	NOUN
ལ་	ལ་	PART
འཁྲུངས་	འཁྲུངས་	NO_POS
ན་	ནས་	PART
།		PUNCT
ད་ལན་	ད་ལན་	NO_POS
ཤིང་ཕོ་	ཤིང་ཕོ་	NO_POS
སྟག་ལོ་	སྟག་ལོ་	PROPN
འདི་	འདི་	DET
ཡན་	ཡན་	ADV
ལ་	ལ་	PART
།		PUNCT
ལོ་	གོ་	PART
གྲངས་	གྲངས་	NOUN
སུམ་	སུམ་	NUM
སྟོང་	སྟོང་	NUM
ལྔ་	ལྔ་	NUM
བརྒྱ་	བརྒྱ་	NUM
གྱ་	གྱ་	NOUN
ལྔ་	ལྔ་	NUM
སོང་	སོང་	VERB
འདུག་	འདུག་	VERB
རྒྱ་ནག་	རྒྱ་ནག་	PROPN
ཏུ་	ལ་	PART
ཅེའུ་		NON_WORD
ལ་	ལ་	PART
།		PUNCT
རྒྱལ་པོ་	རྒྱལ་པོ་	NOUN
སུམ་ཅུ་	སུམ་ཅུ་	OTHER
སོ་	གོ་	PART
དྲུག་	དྲུག་	NUM
བྱུང་	བྱུང་	VERB
།		PUNCT
ལོ་	གོ་	PART
བརྒྱ་	བརྒྱ་	NUM
ར་	ལ་	PART
སྲིད་	སྲིད་	NOUN
བཟུང་	བཟུང་	NO_POS
།		PUNCT
དེ་ནས་	དེ་ནས་	NO_POS
ཆིན་	ཆིན་	NO_POS
ཧྲི་		NON_WORD
ཧྭང་		NON_WORD
གི་	གི་	PART
རྒྱལ་པོ་	རྒྱལ་པོ་	NOUN
གཉིས་	གཉིས་	NUM
བྱུང་	བྱུང་	VERB
།		PUNCT
དེ་ནས་	དེ་ནས་	NO_POS
ཧན་	ཧན་	PROPN
ཀ་	ཀ་	DET
འོ་	གོ་	PART
ཛུང་		NON_WORD
ཞེས་་	ཞེས་པ་	PART
ན་	ནས་	PART
བཟུང་	བཟུང་	NO_POS
སྟེ་	སྟེ་	PART
།		PUNCT
རྒྱལ་རབས་	རྒྱལ་རབས་	NOUN
བཅུ་བཞི་	བཅུ་བཞི་	NO_POS
བྱུང་	བྱུང་	VERB
།		PUNCT
དེ་ནས་	དེ་ནས་	NO_POS
བློན་པོ་	བློན་པོ་	NOUN
གཅིག་	གཅིག་	NUM
གི་	གི་	PART
ངོ་ལོག་	ངོ་ལོག་	OTHER
བྱ་	བྱ་	VERB
ན་	ནས་	PART
།		PUNCT
ལོ་	གོ་	PART
བཅོ་བརྒྱད་	བཅོ་བརྒྱད་	NO_POS
རྒྱལ་ས་	རྒྱལ་ས་	OTHER
བཟུང་	བཟུང་	NO_POS
།		PUNCT
ཕྱི་	ཕྱི་	VERB
ཧན་	ཧན་	PROPN
གྱི་	གི་	PART
རྒྱུད་པ་	རྒྱུད་པ་	NOUN
།		PUNCT
སླེའུ་	སླེའུ་	NO_POS
གོང་བུ་	གོང་བུ་	OTHER
ས་	གིས་	PART
།		PUNCT
བློན་པོ་	བློན་པོ་	NOUN
ཨང་	ཨང་	NO_POS
མང་	མང་	VERB
བསད་	བསད་	NO_POS
ན་	ནས་	PART
།		PUNCT
དེ་	དེ་	DET
ས་	གིས་	PART
རྒྱལ་སྲིད་	རྒྱལ་སྲིད་	NOUN
བཟུང་བ་	བཟུང་བ་	VERB
ལ་	ལ་	PART
།		PUNCT
བུ་	བུ་	NOUN
ལྔ་	ལྔ་	NUM
བྱུང་བ་	བྱུང་བ་	VERB
འི་	གི་	PART
ཆུང་བ་	ཆུང་བ་	VERB
ལ་	ལ་	PART
བུ་	བུ་	NOUN
ཧན་	ཧན་	PROPN
མིན་	མིན་	AUX
ཏི་	ཏི་	NO_POS
རྒྱལ་པོ་	རྒྱལ་པོ་	NOUN
བྱུང་	བྱུང་	VERB
།		PUNCT
དེ་དུས་	དེ་དུས་	PRON
པཎྜི་ཏ་	པཎྜི་ཏ་	NOUN
ཛུ་		NON_WORD
ཧ་ལམ་	ཧ་ལམ་	NO_POS
བྱ་བ་	བྱ་བ་	VERB
བདེན་པ་	བདེན་པ་	VERB
མཐོང་བ་	མཐོང་བ་	VERB
གཉིས་	གཉིས་	NUM
ཀྱི་	གི་	PART
།		PUNCT
རྒྱ་གར་	རྒྱ་གར་	PROPN
ན་	ནས་	PART
།		PUNCT
རྟ་	རྟ་	NOUN
དཀར་པོ་	དཀར་པོ་	ADJ
གཅིག་	གཅིག་	NUM
ལ་	ལ་	PART
ཐེག་པ་	ཐེག་པ་	NOUN
ཆུང་ངུ་	ཆུང་ངུ་	ADJ
འི་	གི་	PART
ཆོ་	ཆོ་	NOUN
བཀལ་	བཀལ་	NO_POS
ན་	ནས་	PART
།		PUNCT
རྒྱ་ནག་	རྒྱ་ནག་	PROPN
ཧོ་	ཧོ་	NO_POS
ནན་	ནན་	NOUN
དུ་	ལ་	PART
པའེ་		NON_WORD
མ་	མ་	PART
སི་	སི་	OTHER
ལྷ་ཁང་	ལྷ་ཁང་	NOUN
བཞེངས་	བཞེངས་	NO_POS
།		PUNCT
ཆོ་	ཆོ་	NOUN
བསྒྱུར་	བསྒྱུར་	VERB
།		PUNCT
དེ་	སྟེ་	PART
ཕྱིན་ཆད་	ཕྱིན་ཆད་	ADV
ན་	ནས་	PART
རྒྱ་ནག་	རྒྱ་ནག་	PROPN
ཏུ་	ལ་	PART
།		PUNCT
སངས་རྒྱས་	སངས་རྒྱས་	NOUN
ཀྱི་	གི་	PART
བསྟན་པ་	བསྟན་པ་	VERB
དར་བ་	དར་བ་	VERB
ཡིན་	ཡིན་	NO_POS
ནོ་	གོ་	PART
། །		PUNCT
པཎྜི་ཏ་	པཎྜི་ཏ་	NOUN
དེ་	སྟེ་	PART
གཉིས་	གཉིས་	NUM
ཀྱི་	གི་	PART
དགྲ་བཅོམ་པ་	དགྲ་བཅོམ་པ་	NOUN
ཐོབ་	ཐོབ་	VERB
ན་	ནས་	PART
།		PUNCT
རྫུ་འཕྲུལ་	རྫུ་འཕྲུལ་	NOUN
གྱི་	གི་	PART
གཅིག་	གཅིག་	NUM
ནམ་མཁའ་	ནམ་མཁའ་	NOUN
ལ་	ལ་	PART
འཕུར་	འཕུར་	NO_POS
ན་	ནས་	PART
།		PUNCT
རྒྱ་མཚོ་	རྒྱ་མཚོ་	NOUN
འི་	གི་	PART
གླིང་	གླིང་	NOUN
ཀའུ་	ཀའུ་	NO_POS
ལི་	ལི་	OTHER
དཀར་པོ་	དཀར་པོ་	ADJ
འི་	གི་	PART
རྒྱལ་ཁམས་	རྒྱལ་ཁམས་	NOUN
ཞེས་་	ཞེས་པ་	PART
ར་	ལ་	PART
སོང་	སོང་	VERB
ན་	ནས་	PART
མྱ་ངན་	མྱ་ངན་	NOUN
ལ་	ལ་	ADP
ས་	གིས་	PART
འདའ་	འདའ་	VERB
།		PUNCT
གཅིག་	གཅིག་	NUM
ནི་	ནི་	NO_POS
ལྷ་ཁང་	ལྷ་ཁང་	NOUN
དེ་	དེ་	DET
འི་	གི་	PART
འོག་	འོག་	NOUN
ཏུ་	ལ་	PART
འགོག་པ་	འགོག་པ་	VERB
འི་	གི་	PART
ཏིང་ངེ་འཛིན་	ཏིང་ངེ་འཛིན་	NOUN
ལ་	ལ་	PART
ཞུགས་	ཞུགས་	VERB
ན་	ནས་	PART
།		PUNCT
བྱམས་མགོན་	བྱམས་མགོན་	OTHER
བྱོན་	བྱོན་	VERB
དུས་	དུས་	NOUN
མཇལ་	མཇལ་	NO_POS
ན་	ནས་	PART
མྱ་ངན་	མྱ་ངན་	NOUN
ལ་	ལ་	ADP
ས་	གིས་	PART
འད་	འདའ་	VERB
འོ་	གོ་	PART
ཟེ་	ཟེ་	VERB
།		PUNCT
ཧན་	ཧན་	PROPN
གྱི་	གི་	PART
རྒྱལ་རབས་	རྒྱལ་རབས་	NOUN
ཉི་ཤུ་	ཉི་ཤུ་	NUM
རྩ་	རྩ་	NUM
བཞི་པ་	བཞི་པ་	ADJ
།		PUNCT
ཧན་	ཧན་	PROPN
ཧེན་		NON_WORD
ཏིའི་		NON_WORD
རྒྱལ་པོ་	རྒྱལ་པོ་	NOUN
འི་	གི་	PART
བློན་པོ་	བློན་པོ་	NOUN
ཚ་	ཚ་	VERB
འོ་	གོ་	PART
ཚ་	ཚ་	VERB
འོ་	གོ་	PART
ཟེར་བ་	ཟེར་བ་	VERB
ས་	གིས་	PART
རྒྱལ་ས་	རྒྱལ་ས་	OTHER
ཕྲོགས་པ་	ཕྲོགས་པ་	VERB
མི་རྒྱུད་	མི་རྒྱུད་	OTHER
ལྔ་	ལྔ་	NUM
ར་	ལ་	PART
རྒྱལ་པོ་	རྒྱལ་པོ་	NOUN
བྱ་	བྱ་	VERB
།		PUNCT
ཡང་	ཀྱང་	PART
དེ་	དེ་	DET
འི་	གི་	PART
བློན་པོ་	བློན་པོ་	NOUN
སི་	སི་	OTHER
མ་	མ་	PART
ཞེས་་	ཞེས་པ་	PART
ས་	གིས་	PART
།		PUNCT
རྒྱལ་ས་	རྒྱལ་ས་	OTHER
ཕྲོགས་	ཕྲོགས་	VERB
ན་	ནས་	PART
བཟུང་	བཟུང་	NO_POS
།		PUNCT
དེ་	སྟེ་	PART
སྟེང་	སྟེང་	NOUN
ཧེའུ་		NON_WORD
ཙིང་		NON_WORD
གི་	གི་	PART
རྒྱུད་པ་	རྒྱུད་པ་	NOUN
ལ་	ལ་	PART
།		PUNCT
ཏུང་	ཏུང་	NO_POS
ཅིན་		NON_WORD
ཞི་	ཞི་	VERB
ཅིན་		NON_WORD
གཉིས་	གཉིས་	NUM
བྱུང་བ་	བྱུང་བ་	VERB
འི་	གི་	PART
།		PUNCT
ཞི་	ཞི་	VERB
ཅིན་		NON_WORD
གྱི་	གི་	PART
རྒྱལ་པོ་	རྒྱལ་པོ་	NOUN
འི་	གི་	PART
དུས་	དུས་	NOUN
སུ་	ལ་	PART
།		PUNCT
རྒྱ་གར་	རྒྱ་གར་	PROPN
པཎྜི་ཏ་	པཎྜི་ཏ་	NOUN
རྒས་པོ་	རྒས་པོ་	NO_POS
གཅིག་	གཅིག་	NUM
བྱུང་	བྱུང་	VERB
ན་	ནས་	PART
།		PUNCT
རྒྱ་གར་	རྒྱ་གར་	PROPN
དང་	དང་	NO_POS
ལྗང་	ལྗང་	NO_POS
ཡུལ་	ཡུལ་	NOUN
གྱི་	གི་	PART
བ་	བ་	NOUN
རྒྱལ་ཁམས་	རྒྱལ་ཁམས་	NOUN
ཆུང་ངུ་	ཆུང་ངུ་	ADJ
ཞིག་	ཅིག་	PART
ན་	ལ་	PART
།		PUNCT
སྔོན་	སྔོན་	ADV
སངས་རྒྱས་	སངས་རྒྱས་	NOUN
ཤཱཀྱ་	ཤཱཀྱ་	PROPN
ཐུབ་པ་	ཐུབ་པ་	VERB
སུམ་ཅུ་རྩ་གསུམ་	སུམ་ཅུ་རྩ་གསུམ་	PROPN
དུ་	ལ་	PART
བྱོན་	བྱོན་	VERB
དུས་	དུས་	NOUN
བཞེངས་པ་	བཞེངས་པ་	VERB
འི་	གི་	PART
ལྷ་	ལྷ་	NOUN
།		PUNCT
སངས་རྒྱས་	སངས་རྒྱས་	NOUN
དགུང་ལོ་	དགུང་ལོ་	NOUN
བཅུ་གཉིས་པ་	བཅུ་གཉིས་པ་	NO_POS
འི་	གི་	PART
སྐུ་ཚད་	སྐུ་ཚད་	NO_POS
ཇོ་བོ་	ཇོ་བོ་	NOUN
ཤཱཀྱ་མུ་ནེ་	ཤཱཀྱ་མུ་ནེ་	PROPN
དང་	དང་	NO_POS
།		PUNCT
སངས་རྒྱས་	སངས་རྒྱས་	NOUN
ཀྱི་	གི་	PART
རིང་བསྲེལ་	རིང་བསྲེལ་	NOUN
དང་	དང་	NO_POS
།		PUNCT
ཀུ་མཱ་ར་	ཀུ་མཱ་ར་	PROPN
ཞེས་་	ཞེས་པ་	PART
འི་	གི་	PART
པཎྜི་ཏ་	པཎྜི་ཏ་	NOUN
མཁས་པ་	མཁས་པ་	VERB
གཅིག་	གཅིག་	NUM
རྣམས་	རྣམས་	DET
ཡོད་པ་	ཡོད་པ་	VERB
།		PUNCT
དེ་	དེ་	DET
ར་	ལ་	PART
རྒྱལ་ཁམས་	རྒྱལ་ཁམས་	NOUN
ཆུང་བ་	ཆུང་བ་	VERB
ས་	གིས་	PART
།		PUNCT
འགྲོ་དོན་	འགྲོ་དོན་	NOUN
མི་	མི་	PART
འཕེལ་བ་	འཕེལ་བ་	VERB
ར་	ལ་	PART
འདུག་	འདུག་	VERB
རྒྱལ་པོ་	རྒྱལ་པོ་	NOUN
ཁྱེད་	ཁྱེད་	PRON
ལ་	ལ་	PART
སྟོབས་	སྟོབས་	NOUN
འདུག་པ་	འདུག་པ་	VERB
ས་	གིས་	PART
།		PUNCT
དམག་	དམག་	NOUN
ཐོངས་		NON_WORD
ལ་	ལ་	PART
དེ་	སྟེ་	PART
རྣམས་	རྣམས་	DET
བླངས་	བླངས་	VERB
ན་	ལ་	PART
།		PUNCT
སེམས་ཅན་	སེམས་ཅན་	NOUN
མང་པོ་	མང་པོ་	ADJ
ལ་	ལ་	PART
ཕན་པ་	ཕན་པ་	VERB
ར་	ལ་	PART
འདུག་	འདུག་	VERB
ཟེར་བ་	ཟེར་བ་	VERB
ས་	གིས་	PART
།		PUNCT
རྒྱལ་པོ་	རྒྱལ་པོ་	NOUN
དེ་	སྟེ་	PART
ལ་	ལ་	PART
བློན་པོ་	བློན་པོ་	NOUN
ཞིང་	ཅིང་	PART
གི་	གི་	PART
ཕྱིང་	ཕྱིང་	NO_POS
སང་	སང་	ADV
ཞིག་	ཅིག་	PART
དང་	དང་	NO_POS
།		PUNCT
ཆུ་	ཆུ་	NOUN
མི་	མི་	PART
དབྱེན་	དབྱེན་	NOUN
གྱི་	གི་	PART
མི་དཔོན་	མི་དཔོན་	NO_POS
ཞིག་	ཅིག་	PART
ཡོད་པ་	ཡོད་པ་	VERB
ལ་	ལ་	ADP
ས་	གིས་	PART
།		PUNCT
མི་དཔོན་	མི་དཔོན་	NO_POS
ལ་	ལ་	PART
དམག་	དམག་	NOUN
ཁྲི་	ཁྲི་	NUM
ཚོ་	ཚོ་	DET
བཞི་	བཞི་	NUM
བཅུ་	བཅུ་	NUM
ཐམས་པ་	ཐམས་པ་	VERB
བསྐུར་	བསྐུར་	NO_POS
ན་	ནས་	PART
བཏང་བ་	བཏང་བ་	VERB
ས་	གིས་	PART
།		PUNCT
ཇོ་བོ་	ཇོ་བོ་	NOUN
དང་	དང་	NO_POS
རིང་བསྲེལ་	རིང་བསྲེལ་	NOUN
ངོ་བོ་	ངོ་བོ་	NOUN
དང་	དང་	NO_POS
།		PUNCT
པཎྜི་ཏ་	པཎྜི་ཏ་	NOUN
དེ་	སྟེ་	PART
འདའ་	འདའ་	VERB
འདུག་པ་	འདུག་པ་	VERB
འི་	གི་	PART
ཚབ་	ཚབ་	NOUN
ལ་	ལ་	PART
ཀུ་མཱ་ར་	ཀུ་མཱ་ར་	PROPN
ཆུང་བ་	ཆུང་བ་	VERB
རྣམས་	རྣམས་	DET
གདན་	གདན་	NOUN
དྲངས་	དྲངས་	NO_POS
།		PUNCT
ལམ་	གམ་	PART
དུ་	ལ་	PART
པཎ་	པཎ་	NO_POS
ཆུང་	ཆུང་	VERB
དེ་	དེ་	DET
ས་	གིས་	PART
།		PUNCT
མཁས་པ་	མཁས་པ་	VERB
འི་	གི་	PART
རྣམ་འཕྲུལ་	རྣམ་འཕྲུལ་	NOUN
རིམ་པ་	རིམ་པ་	NOUN
ར་	ལ་	PART
སྟོན་	སྟོན་	VERB
ནོ་	གོ་	PART
། །		PUNCT
བཀའ་	བཀའ་	NOUN
ཆེམས་	ཆེམས་	NO_POS
བཀའ་	བཀའ་	NOUN
ཁོལ་མ་	ཁོལ་མ་	ADJ
ན་	ནས་	PART
།		PUNCT
རྒྱ་གར་	རྒྱ་གར་	PROPN
གྱི་	གི་	PART
རྒྱལ་པོ་	རྒྱལ་པོ་	NOUN
དྷརྨ་		NON_WORD
ཕ་ལ་	ཕ་ལ་	NO_POS
འི་	གི་	PART
རྟིང་	རྟིང་	NO_POS
ལ་	ལ་	PART
།		PUNCT
མུ་སྟེགས་པ་	མུ་སྟེགས་པ་	NOUN
འི་	གི་	PART
དམག་	དམག་	NOUN
གིས་	གིས་	PART
ཤྲཱི་		NON_WORD
ན་	ལ་	PART
ལེནྡྲ་		NON_WORD
བཅོམ་	བཅོམ་	VERB
།		PUNCT
བསྟན་པ་	བསྟན་པ་	VERB
བསྣུབས་པ་	བསྣུབས་པ་	VERB
འི་	གི་	PART
དུས་	དུས་	NOUN
སུ་	ལ་	PART
།		PUNCT
རྒྱ་ནག་	རྒྱ་ནག་	PROPN
རྒྱལ་པོ་	རྒྱལ་པོ་	NOUN
དེ་བ་	དེ་བ་	OTHER
རཱ་	རཱ་	NO_POS
ཛ་	ཛ་	OTHER
ལ་	ལ་	PART
།		PUNCT
དམག་	དམག་	NOUN
གྲོག་	གྲོག་	NOUN
སྦྲན་པ་	སྦྲན་པ་	VERB
ས་	གིས་	PART
།		PUNCT
དེ་	དེ་	DET
འི་	གི་	PART
ལམ་	གམ་	PART
ཐོན་	ཐོན་	VERB
།		PUNCT
སྐྱེ་	སྐྱེ་	VERB
ཀྱི་	གི་	PART
ནོར་	ནོར་	NOUN
དངོ་	དངོ་	NOUN
བཟང་བ་	བཟང་བ་	VERB
སྐུ་	སྐུ་	NOUN
གྱི་	གི་	PART
།		PUNCT
དེ་	སྟེ་	PART
ལ་	ལ་	PART
བརྟེན་	བརྟེན་	VERB
ན་	ནས་	PART
།		PUNCT
ཕྱི་པ་	ཕྱི་པ་	NOUN
ཐུལ་	ཐུལ་	VERB
ཅིག་	ཅིག་	PART
ཟེ་	ཟེ་	VERB
།		PUNCT
ཟ་འོག་	ཟ་འོག་	NOUN
གི་	གི་	PART
གོ་	གོ་	NOUN
སྲུབས་	སྲུབས་	NOUN
མེད་པ་	མེད་པ་	VERB
འི་	གི་	PART
རི་མོ་	རི་མོ་	NOUN
ཅན་	ཅན་	PART
།		PUNCT
མཚོན་	མཚོན་	NOUN
དང་	དང་	NO_POS
ཟོང་	ཟོང་	NOUN
གི་	གི་	PART
མི་	མི་	PART
ཕིག་པ་	ཕིག་པ་	NO_POS
།		PUNCT
ཐུགས་ཀ་	ཐུགས་ཀ་	NOUN
ར་	ལ་	PART
དཔལ་བེའུ་	དཔལ་བེའུ་	NOUN
ཡོད་པ་	ཡོད་པ་	VERB
ཞིག་	ཅིག་	PART
གི་	གི་	PART
འགོ་	འགོ་	NO_POS
བྱས་པ་	བྱས་པ་	VERB
འི་	གི་	PART
།		PUNCT
སྐྱེ་	སྐྱེ་	VERB
བཟང་པོ་	བཟང་པོ་	ADJ
ཐེངས་	ཐེངས་	NOUN
གཉིས་	གཉིས་	NUM
བསྐུར་བ་	བསྐུར་བ་	VERB
ས་	གིས་	PART
།		PUNCT
མུ་སྟེགས་	མུ་སྟེགས་	NOUN
ཐུལ་	ཐུལ་	VERB
།		PUNCT
ལྷ་ཆོས་	ལྷ་ཆོས་	NOUN
དར་བ་	དར་བ་	VERB
ར་	ལ་	PART
བྱུང་བ་	བྱུང་བ་	VERB
འི་	གི་	PART
སྐྱེས་ལན་	སྐྱེས་ལན་	NOUN
ལ་	ལ་	PART
།		PUNCT
སངས་རྒྱས་	སངས་རྒྱས་	NOUN
དགུང་ལོ་	དགུང་ལོ་	NOUN
བརྒྱད་པ་	བརྒྱད་པ་	NUM
འི་	གི་	PART
སྐུ་ཚབ་	སྐུ་ཚབ་	OTHER
དང་	དང་	NO_POS
།		PUNCT
མདོ་	མདོ་	NOUN
ཟ་མ་	ཟ་མ་	NOUN
ཏོགསྟུག་པོ་	ཏོགསྟུག་པོ་	NON_WORD
བཀོད་པ་	བཀོད་པ་	VERB
།		PUNCT
ཆུ་	ཆུ་	NOUN
ཀླུང་	ཀླུང་	NOUN
གི་	གི་	PART
མདོ་	མདོ་	NOUN
།		PUNCT
འདུལ་བ་	འདུལ་བ་	VERB
ཀོ་ཤ་	ཀོ་ཤ་	NO_POS
དགེ་སློང་	དགེ་སློང་	NOUN
བཞི་	བཞི་	NUM
སྡེ་	སྡེ་	NOUN
གཅིག་	གཅིག་	NUM
དང་	དང་	NO_POS
བཅས་པ་	བཅས་པ་	VERB
དགོས་	དགོས་	VERB
ཟེ་	ཟེ་	VERB
བྱུང་བ་	བྱུང་བ་	VERB
ས་	གིས་	PART
།		PUNCT
ཁོང་	ཁོང་	PRON
དྲིན་	དྲིན་	NOUN
ཆེ་བ་	ཆེ་བ་	VERB
ར་	ལ་	PART
ཡོད་	ཡོད་	VERB
ཟེ་	ཟེ་	VERB
ན་	ནས་	PART
བསྐུར་བ་	བསྐུར་བ་	VERB
ས་	གིས་	PART
།		PUNCT
རྒྱ་ནག་	རྒྱ་ནག་	PROPN
ཏུ་	ལ་	PART
ཕེབས་པ་	ཕེབས་པ་	VERB
ར་	ལ་	PART
བྱེད་	བྱེད་	VERB
དོ་	གོ་	PART
། །		PUNCT
མི་དཔོན་	མི་དཔོན་	NO_POS
དམག་	དམག་	NOUN
དང་	དང་	NO_POS
བཅས་པ་	བཅས་པ་	VERB
ས་	གིས་	PART
།		PUNCT
རྒྱ་ཡུལ་	རྒྱ་ཡུལ་	NO_POS
དུ་	ལ་	PART
འཁོར་	འཁོར་	NOUN
དུས་	དུས་	NOUN
།		PUNCT
ཞི་	ཞི་	VERB
ཅིན་		NON_WORD
རྒྱལ་པོ་	རྒྱལ་པོ་	NOUN
སྐུ་གཤེགས་	སྐུ་གཤེགས་	NO_POS
།		PUNCT
རྒྱུད་	རྒྱུད་	NOUN
ཆད་	ཆད་	VERB
ན་	ནས་	PART
།		PUNCT
སྔ་	སྔ་	NOUN
གྱི་	གི་	PART
ཆིང་སང་	ཆིང་སང་	NO_POS
དེ་	དེ་	DET
ས་	གིས་	PART
རྒྱལ་པོ་	རྒྱལ་པོ་	NOUN
བྱེད་	བྱེད་	VERB
ཀྱིན་	གིན་	PART
འདུག་	འདུག་	VERB
ཟེར་བ་	ཟེར་བ་	VERB
ཐོས་པ་	ཐོས་པ་	VERB
ས་	གིས་	PART
།		PUNCT
དམག་དཔོན་	དམག་དཔོན་	NOUN
དེ་	དེ་	DET
ས་	གིས་	PART
རང་	རང་	PRON
གི་	གི་	PART
དམག་	དམག་	NOUN
ཁྲི་	ཁྲི་	NUM
ཚོ་	ཚོ་	DET
བཞི་པོ་	བཞི་པོ་	NUM
བསྡུ་	བསྡུ་	VERB
ན་	ནས་	PART
།		PUNCT
སི་	སི་	OTHER
ཆོན་	ཆོན་	NO_POS
དང་	དང་	NO_POS
།		PUNCT
ཅིའུ་		NON_WORD
མཁའ་	མཁའ་	NOUN
ཉི་ཤུ་	ཉི་ཤུ་	NUM
རྩ་	རྩ་	NUM
བཞི་	བཞི་	NUM
འི་	གི་	PART
རྒྱལ་པོ་	རྒྱལ་པོ་	NOUN
བྱ་	བྱ་	VERB
སོ་	གོ་	PART
། །		PUNCT
དུས་ཕྱིས་	དུས་ཕྱིས་	NO_POS
དམག་དཔོན་	དམག་དཔོན་	NOUN
དེ་	དེ་	DET
འི་	གི་	PART
རྒྱུད་པ་	རྒྱུད་པ་	NOUN
འི་	གི་	PART
ལག་ནས་	ལག་ནས་	NO_POS
།		PUNCT
ཆིང་སང་	ཆིང་སང་	NO_POS
རྒྱལ་པོ་	རྒྱལ་པོ་	NOUN
ས་	གིས་	PART
ཇོ་བོ་	ཇོ་བོ་	NOUN
རིང་བསྲེལ་	རིང་བསྲེལ་	NOUN
པཎྜི་ཏ་	པཎྜི་ཏ་	NOUN
རྣམས་	རྣམས་	DET
།		PUNCT
ཀིཾ་		NON_WORD
ཤང་	ཤང་	NO_POS
ཧུར་	ཧུར་	NO_POS
གདན་	གདན་	NOUN
དྲངས་	དྲངས་	NO_POS
།		PUNCT
བཀུར་སྟི་	བཀུར་སྟི་	NOUN
ཆེན་པོ་	ཆེན་པོ་	ADJ
བྱ་	བྱ་	VERB
།		PUNCT
པཎྜི་ཏ་	པཎྜི་ཏ་	NOUN
དེ་	སྟེ་	PART
ལ་	ལ་	PART
བཙུན་མོ་	བཙུན་མོ་	NOUN
བཅུ་	བཅུ་	NUM
ཡོད་པ་	ཡོད་པ་	VERB
ས་	གིས་	PART
།		PUNCT
དགེ་འདུན་	དགེ་འདུན་	NOUN
རྣམས་	རྣམས་	DET
མ་མོ་	མ་མོ་	NOUN
ས་པ་	ས་པ་	PART
ས་	གིས་	PART
ཞལ་	ཞལ་	NOUN
དུ་	ལ་	PART
ཁབ་	ཁབ་	NOUN
གསོལ་	གསོལ་	VERB
ན་	ནས་	PART
དག་སྣང་	དག་སྣང་	NOUN
སྦྱངས་	སྦྱངས་	VERB
།		PUNCT
པཎྜི་ཏ་	པཎྜི་ཏ་	NOUN
དེ་	དེ་	DET
འི་	གི་	PART
སློབ་མ་	སློབ་མ་	NOUN
ཅེའུ་		NON_WORD
ཧྭ་ཤང་	ཧྭ་ཤང་	NOUN
ཞེས་་	ཞེས་པ་	PART
མཁས་པ་	མཁས་པ་	VERB
ཞིག་	ཅིག་	PART
བྱུང་བ་	བྱུང་བ་	VERB
དེ་	སྟེ་	PART
ལ་	ལ་	ADP
འང་	ཀྱང་	PART
།		PUNCT
པཎྜི་ཏ་	པཎྜི་ཏ་	NOUN
ཟེ་	ཟེ་	VERB
།		PUNCT
དེ་	སྟེ་	PART
ལ་	ལ་	PART
རྒྱལ་པོ་	རྒྱལ་པོ་	NOUN
འི་	གི་	PART
བཙུན་མོ་	བཙུན་མོ་	NOUN
ཆེ་བ་	ཆེ་བ་	VERB
འགྲོགས་པ་	འགྲོགས་པ་	NO_POS
ལ་	ལ་	PART
བསྟན་	བསྟན་	VERB
ན་	ནས་	PART
།		PUNCT
སྐེ་	སྐེ་	NOUN
བཅད་པ་	བཅད་པ་	VERB
འི་	གི་	PART
ཁྲིམས་ཕོག་	ཁྲིམས་ཕོག་	NOUN
མགོ་བོ་	མགོ་བོ་	NOUN
བྲེགས་པ་	བྲེགས་པ་	NO_POS
ས་	གིས་	PART
ཁྲག་	ཁྲག་	NOUN
འོ་མ་	འོ་མ་	NOUN
ར་	ལ་	PART
བྱུང་	བྱུང་	VERB
།		PUNCT
རང་	རང་	PRON
གི་	གི་	PART
ལག་པ་	ལག་པ་	NOUN
ས་	གིས་	PART
།		PUNCT
མགོ་	མགོ་	NOUN
རང་	རང་	PRON
གི་	གི་	PART
བླངས་པ་	བླངས་པ་	VERB
སྐེ་	སྐེ་	NOUN
ཐོག་	ཐོག་	NOUN
ཏུ་	ལ་	PART
སྦྱར་	སྦྱར་	VERB
ན་	ནས་	PART
།		PUNCT
གཙུག་ལག་ཁང་	གཙུག་ལག་ཁང་	NOUN
དུ་	ལ་	PART
ཕྱིན་	ཕྱིན་	VERB
།		PUNCT
འཁོར་	འཁོར་	NOUN
མང་པོ་	མང་པོ་	ADJ
ལ་ལ་	ལ་ལ་	PRON
ས་	གིས་	PART
རྒྱུ་འབྲས་	རྒྱུ་འབྲས་	NOUN
ཀྱི་	གི་	PART
ཆོ་	ཆོ་	NOUN
བསྟན་	བསྟན་	VERB
ན་	ནས་	PART
།		PUNCT
མགོ་བོ་	མགོ་བོ་	NOUN
རང་	རང་	PRON
གི་	གི་	PART
པང་	པང་	NOUN
དུ་	ལ་	PART
ལྷུང་	ལྷུང་	VERB
ན་	ནས་	PART
།		PUNCT
ཚེ་	ཚེ་	NOUN
འི་	གི་	PART
དུས་བྱ་	དུས་བྱ་	NO_POS
ས་	གིས་	PART
སོ་	གོ་	PART
། །		PUNCT
ཆིང་སང་	ཆིང་སང་	NO_POS
གྭ་	གྭ་	NO_POS
འི་	གི་	PART
རྒྱལ་རྒྱུད་	རྒྱལ་རྒྱུད་	NOUN
ཆད་	ཆད་	VERB
ན་	ནས་	PART
སུ་	སུ་	ADP
འི་	གི་	PART
དབྱང་		NON_WORD
དི་		NON_WORD
ཟེར་བ་	ཟེར་བ་	VERB
འི་	གི་	PART
རྒྱལ་པོ་	རྒྱལ་པོ་	NOUN
ཕ་	ཕ་	NOUN
བུ་	བུ་	NOUN
གཉིས་	གཉིས་	NUM
བྱུང་	བྱུང་	VERB
།		PUNCT
དེ་	དེ་	DET
ས་	གིས་	PART
མངའ་འོག་	མངའ་འོག་	NO_POS
ན་	ནས་	PART
།		PUNCT
ཐང་	ཐང་	NOUN
ཀའུ་	ཀའུ་	NO_POS
ཅུང་	ཅུང་	OTHER
ཛུང་		NON_WORD
ཞེས་་	ཞེས་པ་	PART
ཐའེ་		NON_WORD
ཡང་ཐ་	ཡང་ཐ་	NO_POS
འི་	གི་	PART
ཧུའི་		NON_WORD
གླེའུ་	གླེའུ་	NO_POS
ཤུ་	ཤུ་	NO_POS
སི་	སི་	OTHER
འི་	གི་	PART
གླེའུ་	གླེའུ་	NO_POS
ཤུ་	ཤུ་	NO_POS
བྱེད་	བྱེད་	VERB
ཅིང་	ཅིང་	PART
ཡོད་པ་	ཡོད་པ་	VERB
དེ་	དེ་	DET
ས་	གིས་	PART
།		PUNCT
ངོ་ལོག་	ངོ་ལོག་	OTHER
ན་	ནས་	PART
།		PUNCT
རྒྱལ་ས་	རྒྱལ་ས་	OTHER
ཕྲོགས་	ཕྲོགས་	VERB
ཏེ་	སྟེ་	PART
།		PUNCT
དེ་	སྟེ་	PART
ནི་	ནི་	NO_POS
ཐང་	ཐང་	NOUN
གི་	གི་	PART
རྒྱལ་པོ་	རྒྱལ་པོ་	NOUN
འི་	གི་	PART
ཐོག་མ་	ཐོག་མ་	NOUN
ཡིན་	ཡིན་	NO_POS
ནོ་	གོ་	PART
། །		PUNCT
དེ་	སྟེ་	PART
ལ་	ལ་	PART
བུ་	བུ་	NOUN
གསུམ་	གསུམ་	NUM
ཡོད་པ་	ཡོད་པ་	VERB
འི་	གི་	PART
།		PUNCT
འབྲིང་པོ་	འབྲིང་པོ་	ADJ
ཐང་	ཐང་	NOUN
ཐ་	ཐ་	NOUN
འི་	གི་	PART
ཛུང་		NON_WORD
རྒྱལ་པོ་	རྒྱལ་པོ་	NOUN
འི་	གི་	PART
དཔུང་	དཔུང་	NOUN
ཐང་	ཐང་	NOUN
ཟམ་	ཟམ་	NO_POS
ཚང་	ཚང་	VERB
ཞེས་་	ཞེས་པ་	PART
འི་	གི་	PART
།		PUNCT
ལོ་ཙཱ་བ་	ལོ་ཙཱ་བ་	NOUN
སློབ་དཔོན་	སློབ་དཔོན་	NOUN
དབྱིག་གཉེན་	དབྱིག་གཉེན་	PROPN
གྱི་	གི་	PART
སློབ་མ་	སློབ་མ་	NOUN
ཞིག་	ཅིག་	PART
གིས་	གིས་	PART
།		PUNCT
རྒྱ་གར་	རྒྱ་གར་	PROPN
ན་	ནས་	PART
ཆོ་	ཆོ་	NOUN
མང་པོ་	མང་པོ་	ADJ
བསྒྱུར་	བསྒྱུར་	VERB
།		PUNCT
དེ་ཡན་	དེ་ཡན་	NO_POS
ལ་	ལ་	PART
རྒྱ་ལ་	རྒྱ་ལ་	NO_POS
ལོ་ཙཱ་བ་	ལོ་ཙཱ་བ་	NOUN
ཉི་	ཉི་	NUM
བརྒྱ་	བརྒྱ་	NUM
བྱུང་	བྱུང་	VERB
།		PUNCT
དེ་དུས་	དེ་དུས་	PRON
ཟོན་	ཟོན་	VERB
ཀླུ་	ཀླུ་	NOUN
ཤྲཱི་		NON_WORD
ཞེས་་	ཞེས་པ་	PART
འི་	གི་	PART
འདུལ་བ་	འདུལ་བ་	VERB
འཛིན་པ་	འཛིན་པ་	VERB
ཆེན་པོ་	ཆེན་པོ་	ADJ
ཞིག་	ཅིག་	PART
ཡོད་པ་	ཡོད་པ་	VERB
།		PUNCT
དེ་	སྟེ་	PART
རི་	རི་	NOUN
མཐོན་པོ་	མཐོན་པོ་	ADJ
འི་	གི་	PART
ཟུར་	ཟུར་	NOUN
ན་	ནས་	PART
གཡང་	གཡང་	NOUN
ལ་	ལ་	PART
ལྷུང་བ་	ལྷུང་བ་	VERB
།		PUNCT
ལྷ་བུ་	ལྷ་བུ་	NOUN
ཞིག་	ཅིག་	PART
གིས་	གིས་	PART
བར་སྣང་	བར་སྣང་	NOUN
ན་	ནས་	PART
བཟུང་	བཟུང་	NO_POS
སྟེ་	སྟེ་	PART
།		PUNCT
མ་	མ་	PART
བསྣད་པ་	བསྣད་པ་	NO_POS
ལ་	ལ་	PART
།		PUNCT
དེ་	སྟེ་	PART
སུ་	ལ་	PART
ཡིན་	ཡིན་	NO_POS
དྲིས་པ་	དྲིས་པ་	VERB
ས་	གིས་	PART
།		PUNCT
བདག་	བདག་	PRON
རྒྱལ་པོ་	རྒྱལ་པོ་	NOUN
རྣམ་ཐོས་	རྣམ་ཐོས་	PROPN
སྲ་	སྲ་	NOUN
ཀྱི་	གི་	PART
བུ་	བུ་	NOUN
གཉིས་པ་	གཉིས་པ་	NUM
ཡིན་	ཡིན་	NO_POS
།		PUNCT
ངེད་	ངེད་	PRON
སྤུན་	སྤུན་	NOUN
གཉིས་	གཉིས་	NUM
ཀྱི་	གི་	PART
གསུང་རབ་	གསུང་རབ་	NOUN
ཡན་ལག་	ཡན་ལག་	NOUN
བཅུ་	བཅུ་	NUM
གཉྀས་		NON_WORD
བསྲུང་བ་	བསྲུང་བ་	VERB
ར་	ལ་	PART
དམ་བཅ་	དམ་བཅའ་	NOUN
ས་པ་	ས་པ་	PART
ས་	གིས་	PART
།		PUNCT
བདག་	བདག་	PRON
འདུལ་བ་	འདུལ་བ་	VERB
འི་	གི་	PART
སྡེ་སྣོད་	སྡེ་སྣོད་	NOUN
སྲུང་བ་	སྲུང་བ་	VERB
ཡིན་	ཡིན་	NO_POS
ཟེ་	ཟེ་	VERB
ཞིང་	ཅིང་	PART
།		PUNCT
ཟོན་	ཟོན་	VERB
ཀླུ་	ཀླུ་	NOUN
ཤྲཱིས་		NON_WORD
དང་	དང་	NO_POS
།		PUNCT
ཐང་	ཐང་	NOUN
ཟམ་	ཟམ་	NO_POS
ཙང་	ཙང་	NO_POS
དང་	དང་	NO_POS
།		PUNCT
ཀུ་མཱ་ར་	ཀུ་མཱ་ར་	PROPN
ཆུང་བ་	ཆུང་བ་	VERB
རྣམས་	རྣམས་	DET
ཅི་འདྲ་	ཅི་འདྲ་	NO_POS
ཡིན་	ཡིན་	NO_POS
དྲིས་པ་	དྲིས་པ་	VERB
ལ་	ལ་	PART
།		PUNCT
ལན་	ལན་	NOUN
བཏབ་པ་	བཏབ་པ་	VERB
ཡོད་	ཡོད་	VERB
།		PUNCT
ཐང་	ཐང་	NOUN
ཐ་	ཐ་	NOUN
འི་	གི་	PART
ཛུང་		NON_WORD
གི་	གི་	PART
སྲས་མོ་	སྲས་མོ་	NOUN
།		PUNCT
སུ་	སུ་	ADP
འི་	གི་	PART
ལན་	ལན་	NOUN
ཀོང་ཇོ་	ཀོང་ཇོ་	PROPN
།		PUNCT
བོད་སྐད་	བོད་སྐད་	PROPN
དུ་	ལ་	PART
།		PUNCT
མཚོ་	མཚོ་	NOUN
ནང་	ནང་	NOUN
གི་	གི་	PART
པདྨ་	པདྨ་	NOUN
ཞེས་་	ཞེས་པ་	PART
དེ་	སྟེ་	PART
།		PUNCT
བོད་	བོད་	PROPN
དུ་	ལ་	PART
འོང་	འོང་	VERB
དུས་	དུས་	NOUN
།		PUNCT
ཇོ་བོ་	ཇོ་བོ་	NOUN
ཤཱཀྱ་མུ་ནེ་	ཤཱཀྱ་མུ་ནེ་	PROPN
ཡང་	ཀྱང་	PART
བྱོན་པ་	བྱོན་པ་	VERB
ཡིན་	ཡིན་	NO_POS
།		PUNCT
དེ་ནས་	དེ་ནས་	NO_POS
ད་ལྟ་	ད་ལྟ་	OTHER
མེ་ཕོ་	མེ་ཕོ་	OTHER
ཁྱི་ལོ་	ཁྱི་ལོ་	NO_POS
འདི་	འདི་	DET
ཡན་	ཡན་	ADV
ལ་	ལ་	PART
།		PUNCT
ལོ་	གོ་	PART
བདུན་	བདུན་	NUM
བརྒྱ་	བརྒྱ་	NUM
འགྲོ་	འགྲོ་	VERB
ཞེས་་	ཞེས་པ་	PART
རྒྱ་	རྒྱ་	NOUN
འི་	གི་	PART
དེབ་ཐེར་	དེབ་ཐེར་	NOUN
རྙིང་པ་	རྙིང་པ་	VERB
ལ་	ལ་	ADP
ས་	གིས་	PART
།		PUNCT
ཛཾ་		NON_WORD
བྷ་	བྷ་	NO_POS
ལ་སོགས་	ལ་སོགས་	NO_POS
ཤྲཱི་		NON_WORD
མགོན་	མགོན་	NOUN
གི་	གི་	PART
མཐོང་བ་	མཐོང་བ་	VERB
།		PUNCT
ལྷ་ས་	ལྷ་ས་	PROPN
འི་	གི་	PART
གཙུག་ལག་ཁང་	གཙུག་ལག་ཁང་	NOUN
ན་	ལ་	PART
ཡི་གེ་	ཡི་གེ་	NOUN
ར་	ལ་	PART
འདུག་པ་	འདུག་པ་	VERB
མཐོང་	མཐོང་	VERB
ན་	ནས་	PART
བྲིས་པ་	བྲིས་པ་	VERB
ཡིན་	ཡིན་	NO_POS
ནོ་	གོ་	PART
། །		PUNCT
ཐང་	ཐང་	NOUN
ཤུ་	ཤུ་	NO_POS
ཐུ་	ཐུ་	NO_POS
ཧཱན་		NON_WORD
ཞེ་	ཅེས་	PART
རྒྱ་	རྒྱ་	NOUN
འི་	གི་	PART
དེབ་ཐེར་	དེབ་ཐེར་	NOUN
ལ་	ལ་	ADP
ས་	གིས་	PART
ཐང་	ཐང་	NOUN
ཀའུ་	ཀའུ་	NO_POS
ཛུང་		NON_WORD
རྒྱལ་པོ་	རྒྱལ་པོ་	NOUN
ས་	གིས་	PART
།		PUNCT
ས་ཕོ་	ས་ཕོ་	NO_POS
སྟག་	སྟག་	NOUN
ལ་	ལ་	PART
རྒྱལ་ས་	རྒྱལ་ས་	OTHER
བཟུང་	བཟུང་	NO_POS
།		PUNCT
ལོ་	གོ་	PART
དགུ་	དགུ་	NUM
རྒྱལ་སྲིད་	རྒྱལ་སྲིད་	NOUN
བསྐྱངས་	བསྐྱངས་	NO_POS
།		PUNCT
བདུན་ཅུ་	བདུན་ཅུ་	NO_POS
ལ་	ལ་	PART
འདའ་	འདའ་	VERB
།		PUNCT
དེ་	དེ་	DET
འི་	གི་	PART
བུ་ཐང་	བུ་ཐང་	NO_POS
ཐ་	ཐ་	NOUN
འི་	གི་	PART
ཛུང་		NON_WORD
གིས་	གིས་	PART
ཤིང་ཕོ་	ཤིང་ཕོ་	NO_POS
རྟ་ལ་	རྟ་ལ་	NO_POS
།		PUNCT
བོད་	བོད་	PROPN
ཀྱི་	གི་	PART
རྒྱལ་པོ་	རྒྱལ་པོ་	NOUN
དང་	དང་	NO_POS
གྲོགས་པོ་	གྲོགས་པོ་	NOUN
བྱ་	བྱ་	VERB
།		PUNCT
སྐྱེ་	སྐྱེ་	VERB
སྐུ་	སྐུ་	NOUN
རེ་	རེ་	NOUN
བྱ་	བྱ་	VERB
།		PUNCT
རྒྱ་བོད་	རྒྱ་བོད་	PROPN
འབྲེལ་བ་	འབྲེལ་བ་	VERB
འི་	གི་	PART
སྔོན་མ་	སྔོན་མ་	ADV
ཡིན་	ཡིན་	NO_POS
ནོ་	གོ་	PART
། །		PUNCT
ཐང་	ཐང་	NOUN
གི་	གི་	PART
བུ་མོ་	བུ་མོ་	NOUN
སློང་བ་	སློང་བ་	VERB
ལ་	ལ་	PART
།		PUNCT
བོད་	བོད་	PROPN
རྒྱལ་	རྒྱལ་	VERB
སྲོང་	སྲོང་	NO_POS
བཙན་	བཙན་	VERB
སྒམ་པོ་	སྒམ་པོ་	PROPN
ས་	གིས་	PART
།		PUNCT
གསེར་	གསེར་	NOUN
གྱི་	གི་	PART
ཁྲབ་	ཁྲབ་	NOUN
བསྐུར་	བསྐུར་	NO_POS
བཏང་བ་	བཏང་བ་	VERB
ས་	གིས་	PART
མ་	མ་	PART
བྱིན་པ་	བྱིན་པ་	VERB
ལ་	ལ་	PART
།		PUNCT
བོད་	བོད་	PROPN
དམག་	དམག་	NOUN
འབུམ་ཕྲག་	འབུམ་ཕྲག་	OTHER
གཉིས་	གཉིས་	NUM
ཁྱེ་	ཁྱེ་	VERB
ན་	ནས་	PART
།		PUNCT
ཐུ་	ཐུ་	NO_POS
ཡུས་	ཡུས་	NOUN
ཧུན་		NON_WORD
བཅོམ་	བཅོམ་	VERB
ཏེ་	སྟེ་	PART
བཟུང་	བཟུང་	NO_POS
།		PUNCT
དམག་	དམག་	NOUN
རྣམས་	རྣམས་	DET
ཕྱི་	ཕྱི་	OTHER
ལྡོག་	ལྡོག་	VERB
དེ་	དེ་	DET
འི་	གི་	PART
རྟིང་	རྟིང་	NO_POS
ཡུན་རིང་པོ་	ཡུན་རིང་པོ་	NOUN
ན་	ནས་	PART
།		PUNCT
བོད་	བོད་	PROPN
ཀྱི་	གི་	PART
བློནཔོ་		NON_WORD
མགར་	མགར་	PROPN
སྟོང་	སྟོང་	NUM
བཙན་	བཙན་	VERB
ལ་	ལ་	PART
གསེར་	གསེར་	NOUN
སྟོང་ཚོ་	སྟོང་ཚོ་	NO_POS
ལྔ་	ལྔ་	NUM
དང་	དང་	NO_POS
།		PUNCT
རིན་པོ་ཆེ་	རིན་པོ་ཆེ་	ADJ
འི་	གི་	PART
རིགས་མང་པོ་	རིགས་མང་པོ་	NO_POS
བསྐུར་	བསྐུར་	NO_POS
ན་	ནས་	PART
།		PUNCT
བུ་མོ་	བུ་མོ་	NOUN
སློང་བ་	སློང་བ་	VERB
ལ་	ལ་	PART
བཏང་བ་	བཏང་བ་	VERB
ས་	གིས་	PART
།		PUNCT
ཐ་	ཐ་	NOUN
འི་	གི་	PART
ཛུང་		NON_WORD
གི་	གི་	PART
སྲས་མོ་	སྲས་མོ་	NOUN
།		PUNCT
ཝུན་		NON_WORD
ཤིང་	ཅིང་	PART
ཀོང་ཇོ་	ཀོང་ཇོ་	PROPN
ལྕགས་མོ་	ལྕགས་མོ་	NO_POS
བྱ་	བྱ་	VERB
ལ་	ལ་	PART
བྱིན་	བྱིན་	VERB
ན་	ནས་	PART
།		PUNCT
པཱའི་		NON_WORD
ཧྭ་	ཧྭ་	NO_POS
ན་	ནས་	PART
སྐྱེལ་	སྐྱེལ་	NO_POS
མི་	མི་	PART
དང་	དང་	NO_POS
།		PUNCT
བསུ་	བསུ་	NO_POS
མི་	མི་	PART
འཛོམས་	འཛོམས་	VERB
བོད་ཡུལ་	བོད་ཡུལ་	PROPN
དུ་	ལ་	PART
སླེབས་	སླེབས་	VERB
།		PUNCT
ཀོང་ཇོ་	ཀོང་ཇོ་	PROPN
ས་	གིས་	PART
རྒྱལ་པོ་	རྒྱལ་པོ་	NOUN
ལ་	ལ་	PART
ཞུ་	ཞུ་	VERB
ན་	ནས་	PART
།		PUNCT
བོད་	བོད་	PROPN
ན་	ལ་	PART
སྔ་	སྔ་	NOUN
ཡིག་ཚང་	ཡིག་ཚང་	NOUN
མེད་པ་	མེད་པ་	VERB
ལ་	ལ་	PART
།		PUNCT
ཡིག་ཚང་	ཡིག་ཚང་	NOUN
བཅའ་	བཅའ་	VERB
བློན་པོ་	བློན་པོ་	NOUN
མགར་	མགར་	PROPN
ལ་	ལ་	PART
ཐང་	ཐང་	NOUN
གི་	གི་	PART
རྒྱལ་པོ་	རྒྱལ་པོ་	NOUN
མཉེས་	མཉེས་	VERB
ན་	ནས་	PART
།		PUNCT
ཚ་མོ་	ཚ་མོ་	NOUN
ཀོང་ཇོ་	ཀོང་ཇོ་	PROPN
ཞིག་	ཅིག་	PART
དང་	དང་	NO_POS
།		PUNCT
གཡིའུ་	གཡིའུ་	NO_POS
གཡུ་	གཡུ་	NOUN
ཐ་	ཐ་	NOUN
འི་	གི་	PART
ཇུང་		NON_WORD
ཀུན་	ཀུན་	DET
ཞེས་་	ཞེས་པ་	PART
འི་	གི་	PART
མིང་	མིང་	NOUN
བྱིན་	བྱིན་	VERB
།		PUNCT
བོད་	བོད་	PROPN
ལ་	ལ་	PART
རྒྱ་	རྒྱ་	NOUN
འི་	གི་	PART
ལས་ཀ་	ལས་ཀ་	OTHER
བྱིན་པ་	བྱིན་པ་	VERB
འི་	གི་	PART
སྔོན་མ་	སྔོན་མ་	ADV
ཡིན་	ཡིན་	NO_POS
ནོ་	གོ་	PART
། །		PUNCT
ཐ་	ཐ་	NOUN
འི་	གི་	PART
ཛུང་		NON_WORD
གིས་	གིས་	PART
རྒྱ་གར་	རྒྱ་གར་	PROPN
དུ་	ལ་	PART
།		PUNCT
མ་	མ་	PART
ག་	ག་	PRON
ཏ་	ཏ་	OTHER
བཅོམ་	བཅོམ་	VERB
།		PUNCT
དེ་	སྟེ་	PART
ཐོ་	ཐོ་	VERB
ན་	ནས་	PART
།		PUNCT
བོད་	བོད་	PROPN
རྒྱལ་པོ་	རྒྱལ་པོ་	NOUN
ས་	གིས་	PART
མ་	མ་	PART
ག་	ག་	PRON
ཏ་	ཏ་	OTHER
བཅོམ་	བཅོམ་	VERB
ཟེ་	ཟེ་	VERB
རོ་	རོ་	NOUN
། །		PUNCT
ཐང་	ཐང་	NOUN
ཐ་	ཐ་	NOUN
འི་	གི་	PART
ཛུང་		NON_WORD
གི་	གི་	PART
མེ་ཕོ་	མེ་ཕོ་	OTHER
བྱི་	བྱི་	NO_POS
ལོ་ན་	ལོ་ན་	OTHER
ས་	གིས་	PART
།		PUNCT
ལོ་	གོ་	PART
ཉེ་	ཉེ་	NUM
གསུམ་	གསུམ་	NUM
རྒྱལ་ས་	རྒྱལ་ས་	OTHER
བཟུང་	བཟུང་	NO_POS
།		PUNCT
ལྔ་	ལྔ་	NUM
བཅུ་	བཅུ་	NUM
ང་	ང་	PRON
གཉིས་པ་	གཉིས་པ་	NUM
ས་མོ་	ས་མོ་	NO_POS
བྱ་ལོ་	བྱ་ལོ་	NOUN
ཟླ་བ་	ཟླ་བ་	NOUN
བཞི་པ་	བཞི་པ་	ADJ
ལ་	ལ་	PART
འདའ་	འདའ་	VERB
ཟེ་	ཟེ་	VERB
།		PUNCT
དེ་	དེ་	DET
འི་	གི་	PART
བུ་	བུ་	NOUN
དགུ་པ་	དགུ་པ་	ADJ
ཆ་	ཆ་	NOUN
འི་	གི་	PART
ཀོའུ་		NON_WORD
ཛུང་		NON_WORD
རྒྱལ་ས་	རྒྱལ་ས་	OTHER
ར་	ལ་	PART
བཏོན་	བཏོན་	NO_POS
།		PUNCT
བོད་	བོད་	PROPN
རྒྱལ་	རྒྱལ་	VERB
སྲོང་	སྲོང་	NO_POS
བཙན་	བཙན་	VERB
སྒམ་པོ་	སྒམ་པོ་	PROPN
ལ་	ལ་	PART
།		PUNCT
ལས་ཀ་	ལས་ཀ་	OTHER
སྔ་	སྔ་	NOUN
རྟིང་	རྟིང་	NO_POS
གཉིས་	གཉིས་	NUM
བྱིན་པ་	བྱིན་པ་	VERB
ས་	གིས་	PART
།		PUNCT
དང་པོ་	དང་པོ་	ADJ
།		PUNCT
ཧཱུ་		NON_WORD
མ་	མ་	PART
དུ་	ལ་	PART
ད་	ད་	ADV
ཝི་		NON_WORD
སི་	སི་	OTHER
འི་	གི་	PART
ཧ་	ཧ་	NOUN
འི་	གི་	PART
ཐུན་	ཐུན་	NOUN
དབང་	དབང་	NOUN
།		PUNCT
ཞེས་་	ཞེས་པ་	PART
དང་	དང་	NO_POS
།		PUNCT
རྟྀང་		NON_WORD
མ་	མ་	PART
ཚུང་		NON_WORD
དབང་	དབང་	NOUN
བྱ་བ་	བྱ་བ་	VERB
ཡིན་	ཡིན་	NO_POS
།		PUNCT
བོད་ཡུལ་	བོད་ཡུལ་	PROPN
དུ་	ལ་	PART
སྔ་	སྔ་	NOUN
མེད་པ་	མེད་པ་	VERB
འི་	གི་	PART
ད་	ད་	NOUN
གྱི་	གི་	PART
འབུ་	འབུ་	NOUN
དང་	དང་	NO_POS
།		PUNCT
འབྲས་ཆང་	འབྲས་ཆང་	NO_POS
དང་	དང་	NO_POS
།		PUNCT
ཤེལ་	ཤེལ་	NOUN
བཟོ་བ་	བཟོ་བ་	VERB
སོགས་	སོགས་	DET
།		PUNCT
བཟོ་	བཟོ་	NO_POS
རིགས་པ་	རིགས་པ་	VERB
མང་པོ་	མང་པོ་	ADJ
བཏང་	བཏང་	VERB
།		PUNCT
དེ་	དེ་	DET
ར་	ལ་	PART
རྟིང་	རྟིང་	NO_POS
བོད་	བོད་	PROPN
རྒྱལ་	རྒྱལ་	VERB
མང་	མང་	VERB
སྲོང་	སྲོང་	NO_POS
གི་	གི་	PART
དུས་	དུས་	NOUN
སུ་	ལ་	PART
།		PUNCT
རྒྱ་བོད་	རྒྱ་བོད་	PROPN
གཉིས་	གཉིས་	NUM
།		PUNCT
རེ་འགའ་	རེ་འགའ་	NO_POS
མཐུན་	མཐུན་	VERB
།		PUNCT
རེ་འགའ་	རེ་འགའ་	NO_POS
དམག་འཁྲུག་	དམག་འཁྲུག་	OTHER
རྩོད་པ་	རྩོད་པ་	VERB
མང་	མང་	VERB
དུ་	ལ་	PART
བྱུང་	བྱུང་	VERB
།		PUNCT
རྒྱ་	རྒྱ་	NOUN
འི་	གི་	PART
བློན་པོ་	བློན་པོ་	NOUN
།		PUNCT
དཔྱ་	དཔྱ་	NOUN
ཞིན་		NON_WORD
གུ་	གུ་	VERB
ལ་	ལ་	PART
དམག་	དམག་	NOUN
ཁྲི་	ཁྲི་	NUM
ཚོ་	ཚོ་	DET
བཅུ་	བཅུ་	NUM
སྐུ་	སྐུ་	NOUN
ན་	ནས་	PART
།		PUNCT
ལྷ་ས་	ལྷ་ས་	PROPN
འི་	གི་	PART
བ་	བ་	NOUN
དུ་	ལ་	PART
སླེབས་པ་	སླེབས་པ་	VERB
།		PUNCT
བོད་	བོད་	PROPN
ཀྱི་	གི་	PART
བློན་པོ་	བློན་པོ་	NOUN
།		PUNCT
མགར་	མགར་	PROPN
གྱི་	གི་	PART
བུ་	བུ་	NOUN
ཆེ་བ་	ཆེ་བ་	VERB
འི་	གི་	PART
དམག་དཔོན་	དམག་དཔོན་	NOUN
བྱ་	བྱ་	VERB
།		PUNCT
རྒྱ་	རྒྱ་	NOUN
དམག་	དམག་	NOUN
ཐམས་ཅད་	ཐམས་ཅད་	DET
ཕམ་པ་	ཕམ་པ་	VERB
ར་	ལ་	PART
བྱ་	བྱ་	VERB
།		PUNCT
ཆི་	ཆི་	NO_POS
ཀོའུ་		NON_WORD
ཛུང་		NON_WORD
གི་	གི་	PART
ས་མོ་	ས་མོ་	NO_POS
བྱ་ན་	བྱ་ན་	NOUN
ས་	གིས་	PART
ལོ་	གོ་	PART
སུམ་ཅུ་	སུམ་ཅུ་	OTHER
སོ་	གོ་	PART
བཞི་	བཞི་	NUM
སྲིད་	སྲིད་	NOUN
བཟུང་	བཟུང་	NO_POS
།		PUNCT
ལྔ་	ལྔ་	NUM
བཅུ་	བཅུ་	NUM
ང་	ང་	PRON
དྲུག་	དྲུག་	NUM
ཆུ་མོ་	ཆུ་མོ་	OTHER
ལུག་	ལུག་	NOUN
ལ་	ལ་	PART
འདའ་	འདའ་	VERB
།		PUNCT
སྔ་	སྔ་	NOUN
ཐ་	ཐ་	NOUN
འི་	གི་	PART
ཛུང་		NON_WORD
གི་	གི་	PART
བཙུན་མོ་	བཙུན་མོ་	NOUN
འི་	གི་	PART
འཁོར་	འཁོར་	NOUN
ན་	ལ་	PART
ཡོད་པ་	ཡོད་པ་	VERB
ཞིག་	ཅིག་	PART
ཐ་	ཐ་	NOUN
འི་	གི་	PART
ཛུང་		NON_WORD
འདའ་	འདའ་	VERB
ན་	ནས་	PART
བན་མོ་	བན་མོ་	NO_POS
ར་	ལ་	PART
ཡོད་པ་	ཡོད་པ་	VERB
ལ་	ལ་	PART
བབ་	བབ་	VERB
ན་	ནས་	PART
།		PUNCT
ཀོའུ་		NON_WORD
ཛུང་		NON_WORD
གི་	གི་	PART
བཙུན་མོ་	བཙུན་མོ་	NOUN
བྱས་པ་	བྱས་པ་	VERB
ལ་	ལ་	PART
།		PUNCT
བུ་	བུ་	NOUN
ཛུ་		NON_WORD
ཛུང་		NON_WORD
དང་	དང་	NO_POS
།		PUNCT
ཝི་		NON_WORD
ཛུང་		NON_WORD
དང་	དང་	NO_POS
།		PUNCT
བུ་མོ་	བུ་མོ་	NOUN
ཐ་	ཐ་	NOUN
འི་	གི་	PART
ཕིང་		NON_WORD
དང་	དང་	NO_POS
།		PUNCT
གསུམ་	གསུམ་	NUM
ཡོད་པ་	ཡོད་པ་	VERB
ལ་	ལ་	ADP
ས་	གིས་	PART
།		PUNCT
རྒྱལ་པོ་	རྒྱལ་པོ་	NOUN
ས་	གིས་	PART
བུ་	བུ་	NOUN
ཆེ་བ་	ཆེ་བ་	VERB
ལ་	ལ་	PART
རྒྱལ་ས་	རྒྱལ་ས་	OTHER
སྐོས་	སྐོས་	NO_POS
ཟེར་བ་	ཟེར་བ་	VERB
འི་	གི་	PART
ཁ་ཆེམས་	ཁ་ཆེམས་	NOUN
ཡོད་	ཡོད་	VERB
ཀྱང་	ཀྱང་	PART
མ་	མ་	PART
ཉན་པ་	ཉན་པ་	VERB
ར་	ལ་	PART
།		PUNCT
མོ་རང་	མོ་རང་	NO_POS
གིས་	གིས་	PART
རྒྱལ་མོ་	རྒྱལ་མོ་	OTHER
བྱ་	བྱ་	VERB
།		PUNCT
རུས་	རུས་	NOUN
ཝུ་		NON_WORD
ཡིན་པ་	ཡིན་པ་	AUX
ས་	གིས་	PART
།		PUNCT
ཝུ་		NON_WORD
ཛི་	ཛི་	NO_POS
ཐན་	ཐན་	NO_POS
ཞེ་	ཅེས་	PART
བྱ་	བྱ་	VERB
འོ་	གོ་	PART
། །		PUNCT
རྒྱལ་མོ་	རྒྱལ་མོ་	OTHER
དེ་	དེ་	DET
ས་	གིས་	PART
དམག་	དམག་	NOUN
ཁྱེ་	ཁྱེ་	VERB
ན་	ནས་	PART
།		PUNCT
བོད་	བོད་	PROPN
ལ་	ལ་	PART
སོང་བ་	སོང་བ་	VERB
འི་	གི་	PART
རྒྱལ་ཁམས་	རྒྱལ་ཁམས་	NOUN
མང་པོ་	མང་པོ་	ADJ
ཕྲོགས་	ཕྲོགས་	VERB
།		PUNCT
དེ་དུས་	དེ་དུས་	PRON
བོད་	བོད་	PROPN
རྒྱལ་	རྒྱལ་	VERB
འདུ་	འདུ་	VERB
སྲོང་	སྲོང་	NO_POS
མང་པོ་	མང་པོ་	ADJ
རྗེ་	རྗེ་	NO_POS
གཞོན་	གཞོན་	NOUN
རིན་	རིན་	NOUN
ལ་	ལ་	PART
བློན་པོ་	བློན་པོ་	NOUN
མགར་	མགར་	PROPN
གྱི་	གི་	PART
བུ་སྤུན་	བུ་སྤུན་	NO_POS
ཚ་བོ་	ཚ་བོ་	NOUN
དང་	དང་	NO_POS
བཅས་པ་	བཅས་པ་	VERB
ན་	ནས་	PART
དབང་	དབང་	NOUN
ཆེ་	ཆེ་	VERB
།		PUNCT
ཕྱི་	ཕྱི་	VERB
རྒྱལ་པོ་	རྒྱལ་པོ་	NOUN
ས་	གིས་	PART
སྐྱོན་	སྐྱོན་	NOUN
ཡོང་བ་	ཡོང་བ་	VERB
ར་	ལ་	PART
གོ་	གོ་	PART
ན་	ནས་	PART
།		PUNCT
མགར་	མགར་	PROPN
གྱི་	གི་	PART
བུ་	བུ་	NOUN
ཆེ་བ་	ཆེ་བ་	VERB
ལྕེབ་	ལྕེབ་	NO_POS
ན་	ནས་	PART
ཤི་	ཤི་	VERB
ནུ་བོ་	ནུ་བོ་	NOUN
ས་	གིས་	PART
གཅེན་པོ་	གཅེན་པོ་	NO_POS
འི་	གི་	PART
བུ་ཚ་བོ་	བུ་ཚ་བོ་	NOUN
མང་པོ་	མང་པོ་	ADJ
རྗེ་	རྗེ་	NO_POS
དམག་	དམག་	NOUN
དང་	དང་	NO_POS
བཅས་པ་	བཅས་པ་	VERB
ཁྱེ་	ཁྱེ་	VERB
།		PUNCT
རྒྱ་	རྒྱ་	NOUN
འི་	གི་	PART
རྒྱལ་མོ་	རྒྱལ་མོ་	OTHER
ལ་	ལ་	PART
ངོ་	གོ་	PART
བལྟས་་	བལྟས་པ་	VERB
ས་	གིས་	PART
།		PUNCT
ཀུན་	ཀུན་	DET
དེ་	སྟེ་	PART
ཁུན་	ཁུན་	NO_POS
དབང་	དབང་	NOUN
ཞེས་་	ཞེས་པ་	PART
བྱིན་	བྱིན་	VERB
ན་	ནས་	PART
བློན་པོ་	བློན་པོ་	NOUN
ར་	ལ་	PART
བསྐོས་	བསྐོས་	NO_POS
།		PUNCT
ཚ་བོ་	ཚ་བོ་	NOUN
མང་པོ་	མང་པོ་	ADJ
རྗེ་	རྗེ་	NO_POS
ལ་	ལ་	PART
གཡོན་ཕྱོགས་	གཡོན་ཕྱོགས་	NO_POS
དཔའ་བོ་	དཔའ་བོ་	NOUN
།		PUNCT
ཛའུ་		NON_WORD
ལིང་	ལིང་	ADV
ཏི་	ཏི་	NO_POS
ཙང་ཀུན་	ཙང་ཀུན་	NO_POS
ངན་	ངན་	VERB
གུ་	གུ་	OTHER
འི་	གི་	PART
གུང་	གུང་	ADV
ཞེས་་	ཞེས་པ་	PART
འི་	གི་	PART
མིང་	མིང་	NOUN
བྱིན་	བྱིན་	VERB
།		PUNCT
ཁོ་	ཁོ་	PRON
གཉིས་	གཉིས་	NUM
ལ་	ལ་	PART
ཕྱི་	ཕྱི་	VERB
ཉེས་པ་	ཉེས་པ་	VERB
བྱ་	བྱ་	VERB
ཀྱང་	ཀྱང་	PART
།		PUNCT
སྐྱོན་མེད་པ་	སྐྱོན་མེད་པ་	ADJ
འི་	གི་	PART
རྟགས་	རྟགས་	NOUN
ལ་	ལ་	PART
ལྕགས་	ལྕགས་	NOUN
ཀྱི་	གི་	PART
ཡི་གེ་	ཡི་གེ་	NOUN
བྱིན་པ་	བྱིན་པ་	VERB
འོ་	གོ་	PART
། །		PUNCT
རྒྱལ་མོ་	རྒྱལ་མོ་	OTHER
ཝུ་		NON_WORD
ཛི་	ཛི་	NO_POS
ཐན་	ཐན་	NO_POS
གྱིས་	གིས་	PART
ཤིང་ཕོ་	ཤིང་ཕོ་	NO_POS
སྤྲེའུ་	སྤྲེའུ་	NOUN
ལོ་ན་	ལོ་ན་	OTHER
ས་	གིས་	PART
ལོ་	གོ་	PART
ཉི་ཤུ་	ཉི་ཤུ་	NUM
རྩ་	རྩ་	NUM
གཅིག་	གཅིག་	NUM
རྒྱལ་ས་	རྒྱལ་ས་	OTHER
བྱ་	བྱ་	VERB
།		PUNCT
བརྒྱད་ཅུ་པ་	བརྒྱད་ཅུ་པ་	NO_POS
ཤིང་ཕོ་	ཤིང་ཕོ་	NO_POS
འབྲུག་	འབྲུག་	NOUN
ལ་	ལ་	PART
འདའ་	འདའ་	VERB
སོ་	གོ་	PART
། །		PUNCT
གཏམ་རྒྱུད་	གཏམ་རྒྱུད་	NOUN
གཞན་	གཞན་	DET
ལ་	ལ་	PART
།		PUNCT
རྒྱལ་མོ་	རྒྱལ་མོ་	OTHER
འདི་	འདི་	DET
ལ་	ལ་	PART
བུ་	བུ་	NOUN
བོང་	བོང་	NOUN
སྣ་ཅན་	སྣ་ཅན་	NO_POS
གཅིག་	གཅིག་	NUM
སྐྱེ་	སྐྱེ་	VERB
ན་	ནས་	PART
ངོ་ཚ་	ངོ་ཚ་	NOUN
ནས་བསོད་	ནས་བསོད་	NO_POS
དུ་	ལ་	PART
བཏང་བ་	བཏང་བ་	VERB
ས་	གིས་	PART
།		PUNCT
བོད་	བོད་	PROPN
ཀྱི་	གི་	PART
བློན་པོ་	བློན་པོ་	NOUN
ཆེ་བ་	ཆེ་བ་	VERB
གཅིག་	གཅིག་	NUM
ཡོད་པ་	ཡོད་པ་	VERB
དེ་	དེ་	DET
ས་	གིས་	PART
ཕག་	ཕག་	NOUN
ཏུ་	ལ་	PART
ཉ་	ཉ་	NOUN
ར་	ལ་	PART
ར་	ར་	ADP
བྱ་	བྱ་	VERB
།		PUNCT
ཕྱི་	ཕྱི་	VERB
མོ་	གོ་	PART
རྒས་	རྒས་	NO_POS
དུས་	དུས་	NOUN
།		PUNCT
ཐང་	ཐང་	NOUN
གི་	གི་	PART
རྒྱུད་	རྒྱུད་	NOUN
མེད་པ་	མེད་པ་	VERB
ས་	གིས་	PART
།		PUNCT
མོ་	མོ་	VERB
མིང་པོ་	མིང་པོ་	NOUN
ཝུ་		NON_WORD
སན་		NON_WORD
ཞེས་་	ཞེས་པ་	PART
ལ་	ལ་	PART
།		PUNCT
རྒྱལ་ས་	རྒྱལ་ས་	OTHER
ར་	ལ་	PART
བསྐོ་	བསྐོ་	NO_POS
རྩི་	རྩི་	NOUN
ཀྱི་	གི་	PART
མི་	མི་	PART
མང་པོ་	མང་པོ་	ADJ
ཚོགས་པ་	ཚོགས་པ་	VERB
ལ་	ལ་	PART
།		PUNCT
ཝུ་		NON_WORD
སན་		NON_WORD
བསྐོས་པ་	བསྐོས་པ་	VERB
ཨེ་	ཨེ་	PART
འཐད་	འཐད་	VERB
།		PUNCT
སྐད་	སྐད་	NOUN
རིང་	རིང་	NOUN
བཏོན་པ་	བཏོན་པ་	VERB
ས་	གིས་	PART
།		PUNCT
སུ་	ལ་	PART
མི་	མི་	PART
འཐད་	འཐད་	VERB
ཟེར་བ་	ཟེར་བ་	VERB
བསོད་པ་	བསོད་པ་	VERB
ས་	གིས་	PART
།		PUNCT
རྒྱལ་མོ་	རྒྱལ་མོ་	OTHER
ས་	གིས་	PART
འཇའ་ས་	འཇའ་ས་	NO_POS
བྱས་པ་	བྱས་པ་	VERB
ལ་	ལ་	ADP
ས་	གིས་	PART
།		PUNCT
བོད་	བོད་	PROPN
བློན་	བློན་	NO_POS
དེ་	དེ་	DET
ས་	གིས་	PART
ཝུ་		NON_WORD
སན་		NON_WORD
ལ་	ལ་	PART
ང་	ང་	PRON
བསྐོས་པ་	བསྐོས་པ་	VERB
མི་	མི་	PART
འཐད་	འཐད་	VERB
གྱྀས་		NON_WORD
ཤིག་	ཅིག་	PART
བྱ་	བྱ་	VERB
།		PUNCT
སྐད་	སྐད་	NOUN
བྱུང་	བྱུང་	VERB
དུས་	དུས་	NOUN
ཁོ་བོ་	ཁོ་བོ་	PRON
ས་	གིས་	PART
དེ་སྐད་	དེ་སྐད་	NO_POS
བྱས་པ་	བྱས་པ་	VERB
དང་	དང་	NO_POS
།		PUNCT
བོད་	བོད་	PROPN
བློན་	བློན་	NO_POS
དེ་	དེ་	DET
ས་	གིས་	PART
རལ་གྲི་	རལ་གྲི་	NOUN
བརྒྱབ་	བརྒྱབ་	NO_POS
ན་	ནས་	PART
བསད་	བསད་	NO_POS
།		PUNCT
དེ་	སྟེ་	PART
ཅི་	ཅི་	NO_POS
ཡིན་	ཡིན་	NO_POS
བྱས་པ་	བྱས་པ་	VERB
ས་	གིས་	PART
།		PUNCT
རྒྱལ་མོ་	རྒྱལ་མོ་	OTHER
རང་	རང་	PRON
གི་	གི་	PART
ལུང་	ལུང་	NOUN
ཡིན་	ཡིན་	NO_POS
བྱས་པ་	བྱས་པ་	VERB
ས་	གིས་	PART
།		PUNCT
བྱ་	བྱ་	VERB
ས་	ས་	ADP
མ་	མ་	PART
རྙཻད་		NON_WORD
།		PUNCT
དེ་ནས་	དེ་ནས་	NO_POS
མྱ་ངན་	མྱ་ངན་	NOUN
དུ་	ལ་	PART
གྱུར་པ་	གྱུར་པ་	VERB
ལ་	ལ་	PART
།		PUNCT
བློན་པོ་	བློན་པོ་	NOUN
དེ་	དེ་	DET
ས་	གིས་	PART
བོང་	བོང་	NOUN
སྣ་ཅན་	སྣ་ཅན་	NO_POS
ཁྱེ་	ཁྱེ་	VERB
ན་	ནས་	PART
ཡོང་	ཡོང་	NO_POS
ན་	ནས་	PART
རྒྱལ་ས་	རྒྱལ་ས་	OTHER
ར་	ལ་	PART
བསྐོས་པ་	བསྐོས་པ་	VERB
།		PUNCT
རྒྱལ་པོ་	རྒྱལ་པོ་	NOUN
བོང་	བོང་	NOUN
སྣ་ཅན་	སྣ་ཅན་	NO_POS
དུ་	ལ་	PART
གྲགས་པ་	གྲགས་པ་	VERB
དེ་	སྟེ་	PART
ཡིན་	ཡིན་	NO_POS
ཅིང་	ཅིང་	PART
།		PUNCT
བོང་	བོང་	NOUN
སྣ་	སྣ་	NOUN
སྒྲིབ་	སྒྲིབ་	NOUN
ཕྱིར་དུ་	ཕྱིར་དུ་	NO_POS
གསེར་	གསེར་	NOUN
གྱི་	གི་	PART
འབག་	འབག་	NOUN
གཅིག་	གཅིག་	NUM
སྒྲོན་པ་	སྒྲོན་པ་	NO_POS
ས་	གིས་	PART
རྒྱལ་པོ་	རྒྱལ་པོ་	NOUN
གསེར་	གསེར་	NOUN
ཞལ་	ཞལ་	NOUN
བྱ་བ་	བྱ་བ་	VERB
ཡང་	ཀྱང་	PART
དེ་ནས་	དེ་ནས་	NO_POS
བྱུང་བ་	བྱུང་བ་	VERB
ར་	ལ་	PART
བྱེད་	བྱེད་	VERB
དོ་	གོ་	PART
། །		PUNCT
མ་བུ་	མ་བུ་	NOUN
འདི་	འདི་	DET
གཉིས་	གཉིས་	NUM
ཀྱི་	གི་	PART
དུར་	དུར་	NOUN
ད་ལྟ་	ད་ལྟ་	OTHER
ཁན་	ཁན་	NO_POS
རྗེའུ་	རྗེའུ་	NOUN
ཡི་	གི་	PART
བྱང་ཕྱོགས་	བྱང་ཕྱོགས་	NOUN
ན་	ལ་	PART
ཡོད་པ་	ཡོད་པ་	VERB
དེ་	སྟེ་	PART
ཡིན་	ཡིན་	NO_POS
ཟེ་	ཟེ་	VERB
།		PUNCT
རྒྱལ་མོ་	རྒྱལ་མོ་	OTHER
འདི་	འདི་	DET
ལ་	ལ་	PART
བོད་	བོད་	PROPN
རྣམས་	རྣམས་	DET
རྒྱ་	རྒྱ་	NOUN
འི་	གི་	PART
འ་		NON_WORD
ཛི་	ཛི་	NO_POS
རྒན་མོ་	རྒན་མོ་	ADJ
ཟེར་བ་	ཟེར་བ་	VERB
ར་	ལ་	PART
འདུག་	འདུག་	VERB
གཏམ་རྒྱུད་	གཏམ་རྒྱུད་	NOUN
འདི་	འདི་	DET
འི་	གི་	PART
ལུགས་	ལུགས་	NOUN
ལ་	ལ་	PART
།		PUNCT
ཤིང་མོ་	ཤིང་མོ་	NO_POS
སྦྲུལ་	སྦྲུལ་	NOUN
ལ་	ལ་	PART
།		PUNCT
རྒྱལ་པོ་	རྒྱལ་པོ་	NOUN
རང་བུ་	རང་བུ་	NO_POS
ཛུ་		NON_WORD
ཛུང་		NON_WORD
རྒྱལ་ས་	རྒྱལ་ས་	OTHER
ར་	ལ་	PART
བཏོན་	བཏོན་	NO_POS
།		PUNCT
བོད་	བོད་	PROPN
ཀྱི་	གི་	PART
རྒྱལ་པོ་	རྒྱལ་པོ་	NOUN
ས་	གིས་	PART
བུ་མོ་	བུ་མོ་	NOUN
སློང་	སློང་	VERB
དུ་	ལ་	PART
བྱུང་བ་	བྱུང་བ་	VERB
ལ་	ལ་	PART
།		PUNCT
ནུ་བོ་	ནུ་བོ་	NOUN
ཇི་	ཇི་	NO_POS
ཛུང་		NON_WORD
དབང་	དབང་	NOUN
གི་	གི་	PART
བུ་མོ་	བུ་མོ་	NOUN
།		PUNCT
ཀིམ་	ཀིམ་	NO_POS
ཤིང་	ཅིང་	PART
ཀོང་ཇོ་	ཀོང་ཇོ་	PROPN
བྱོན་	བྱོན་	VERB
།		PUNCT
རྫོངས་པ་	རྫོངས་པ་	NO_POS
ར་	ལ་	PART
གསེར་སྲང་	གསེར་སྲང་	NO_POS
ཁྲི་	ཁྲི་	NUM
ཚོ་	ཚོ་	DET
མང་པོ་	མང་པོ་	ADJ
དང་	དང་	NO_POS
།		PUNCT
བཟོ་	བཟོ་	NO_POS
རིགས་	རིགས་	NOUN
སྣ་ཚོགས་	སྣ་ཚོགས་	DET
།		PUNCT
རོལ་མོ་	རོལ་མོ་	NOUN
འི་	གི་	PART
སྒྲ་	སྒྲ་	NOUN
འི་	གི་	PART
རྣམ་	རྣམ་	NOUN
གྲངས་	གྲངས་	NOUN
དུ་མ་	དུ་མ་	ADJ
དང་	དང་	NO_POS
།		PUNCT
མི་	མི་	PART
ཉག་	ཉག་	NOUN
གི་	གི་	PART
ཡུལ་	ཡུལ་	NOUN
ཐམས་ཅད་	ཐམས་ཅད་	DET
དང་	དང་	NO_POS
བཅས་པ་	བཅས་པ་	VERB
བྱིན་	བྱིན་	VERB
ནོ་	གོ་	PART
། །		PUNCT
ཛུ་		NON_WORD
ཛུང་		NON_WORD
རྒྱལ་པོ་	རྒྱལ་པོ་	NOUN
ས་	གིས་	PART
ལོ་	གོ་	PART
དྲུག་	དྲུག་	NUM
སྲིད་	སྲིད་	NOUN
བསྐྱངས་	བསྐྱངས་	NO_POS
།		PUNCT
ལྔ་	ལྔ་	NUM
བཅུ་	བཅུ་	NUM
རྩ་	རྩ་	NUM
ལྔ་པ་	ལྔ་པ་	NUM
ལྕགས་ཕོ་	ལྕགས་ཕོ་	NO_POS
བྱི་བ་	བྱི་བ་	NOUN
ལ་	ལ་	PART
འདའ་	འདའ་	VERB
།		PUNCT
ལྕགས་མོ་	ལྕགས་མོ་	NO_POS
ཕག་	ཕག་	NOUN
ལ་	ལ་	PART
ཀོང་ཇོ་	ཀོང་ཇོ་	PROPN
འི་	གི་	PART
ཕ་	ཕ་	NOUN
།		PUNCT
ཝུ་		NON_WORD
ཛུང་		NON_WORD
རྒྱལ་ས་	རྒྱལ་ས་	OTHER
ར་	ལ་	PART
བསྐོས་	བསྐོས་	NO_POS
།		PUNCT
ལོ་	གོ་	PART
བཅུ་གཉིས་	བཅུ་གཉིས་	NO_POS
ཀྱི་	གི་	PART
བ་	བ་	NOUN
ལ་	ལ་	PART
སྲིད་	སྲིད་	NOUN
བསྐྱངས་	བསྐྱངས་	NO_POS
།		PUNCT
ལྔ་	ལྔ་	NUM
བཅུ་	བཅུ་	NUM
རྩ་	རྩ་	NUM
ལྔ་	ལྔ་	NUM
བ་ཆུ་བོ་	བ་ཆུ་བོ་	NO_POS
བྱི་བ་	བྱི་བ་	NOUN
ལ་	ལ་	PART
འདའ་	འདའ་	VERB
།		PUNCT
ཆུ་མོ་	ཆུ་མོ་	OTHER
གླང་	གླང་	NOUN
ལ་	ལ་	PART
ཛི་	ཛི་	NO_POS
ཛུང་		NON_WORD
གི་	གི་	PART
བུ་	བུ་	NOUN
གསུམ་པ་	གསུམ་པ་	NUM
ཧན་	ཧན་	PROPN
ཛུང་		NON_WORD
རྒྱལ་ས་	རྒྱལ་ས་	OTHER
ར་	ལ་	PART
བསྐོས་	བསྐོས་	NO_POS
།		PUNCT
དེ་	སྟེ་	PART
ཕན་ཆད་	ཕན་ཆད་	ADV
ལ་	ལ་	PART
ཐང་	ཐང་	NOUN
གི་	གི་	PART
རྒྱལ་ཁམས་	རྒྱལ་ཁམས་	NOUN
བཟུང་	བཟུང་	NO_POS
ན་	ནས་	PART
ལོ་	གོ་	PART
བརྒྱ་	བརྒྱ་	NUM
དང་	དང་	NO_POS
བཅུ་དྲུག་	བཅུ་དྲུག་	NO_POS
སོང་	སོང་	VERB
།		PUNCT
ཧན་	ཧན་	PROPN
ཛུང་		NON_WORD
གི་	གི་	PART
ལོ་	གོ་	PART
བཞི་	བཞི་	NUM
བཅུ་	བཅུ་	NUM
རྒྱལ་ས་	རྒྱལ་ས་	OTHER
ར་	ལ་	PART
བསྡད་	བསྡད་	NO_POS
།		PUNCT
རྒྱལ་ཁམས་	རྒྱལ་ཁམས་	NOUN
བདེ་	བདེ་	VERB
ཞིང་	ཅིང་	PART
འཇམ་པ་	འཇམ་པ་	VERB
ར་	ལ་	PART
བྱུང་	བྱུང་	VERB
།		PUNCT
བདུན་ཅུ་	བདུན་ཅུ་	NO_POS
རྩ་	རྩ་	NUM
གསུམ་པ་	གསུམ་པ་	NUM
ལྕགས་མོ་	ལྕགས་མོ་	NO_POS
བྱ་	བྱ་	VERB
ལ་	ལ་	PART
འདའ་	འདའ་	VERB
།		PUNCT
མེ་ཕོ་	མེ་ཕོ་	OTHER
སྤྲེའུ་	སྤྲེའུ་	NOUN
ལོ་	གོ་	PART
ལ་	ལ་	PART
ཧན་	ཧན་	PROPN
ཛུང་		NON_WORD
གི་	གི་	PART
བུ་	བུ་	NOUN
གསུམ་པ་	གསུམ་པ་	NUM
།		PUNCT
ཛུ་		NON_WORD
ཛུང་		NON_WORD
རྒྱལ་ས་	རྒྱལ་ས་	OTHER
ར་	ལ་	PART
བཏཽན་		NON_WORD
།		PUNCT
དེ་	དེ་	DET
འི་	གི་	PART
ལོ་	གོ་	PART
བོད་	བོད་	PROPN
དམག་	དམག་	NOUN
འོངས་	འོངས་	VERB
ན་	ནས་	PART
།		PUNCT
སྨན་	སྨན་	NOUN
རྩེ་	རྩེ་	NOUN
འི་	གི་	PART
ཝི་		NON_WORD
ཇིའུ་		NON_WORD
ལ་སོགས་	ལ་སོགས་	NO_POS
མང་	མང་	VERB
དུ་	ལ་	PART
བླངས་	བླངས་	VERB
ན་	ནས་	PART
བཟུང་	བཟུང་	NO_POS
།		PUNCT
ཕྱི་	ཕྱི་	VERB
ཅིའུ་		NON_WORD
མཁའ་	མཁའ་	NOUN
ཉི་ཤུ་	ཉི་ཤུ་	NUM
རྩ་	རྩ་	NUM
བཞི་	བཞི་	NUM
བོད་	བོད་	PROPN
ལ་	ལ་	PART
ཤོ་	ཤོ་	NOUN
ར་	ལ་	PART
།		PUNCT
ཛུ་		NON_WORD
ཛུང་		NON_WORD
གི་	གི་	PART
རྒྱལ་སྲིད་	རྒྱལ་སྲིད་	NOUN
ལོ་	གོ་	PART
བདུན་	བདུན་	NUM
བཟུང་	བཟུང་	NO_POS
།		PUNCT
ལྔ་	ལྔ་	NUM
བཅུ་	བཅུ་	NUM
རྩ་	རྩ་	NUM
གཅིག་	གཅིག་	NUM
ཆུ་ཕོ་	ཆུ་ཕོ་	NO_POS
སྟག་	སྟག་	NOUN
ལ་	ལ་	PART
འདའ་	འདའ་	VERB
།		PUNCT
ལོ་	གོ་	PART
དེ་	སྟེ་	PART
ལ་	ལ་	PART
དེ་	དེ་	DET
འི་	གི་	PART
བུ་	བུ་	NOUN
ཆེ་བ་	ཆེ་བ་	VERB
ཐ་	ཐ་	NOUN
འི་	གི་	PART
ཛུང་		NON_WORD
རྒྱལ་པོ་	རྒྱལ་པོ་	NOUN
རྒྱལ་ས་	རྒྱལ་ས་	OTHER
ར་	ལ་	PART
བསྐོས་	བསྐོས་	NO_POS
།		PUNCT
ཆུ་མོ་	ཆུ་མོ་	OTHER
ཡོ་	ཡོ་	NOUN
ལ་	ལ་	PART
བོད་	བོད་	PROPN
དམག་	དམག་	NOUN
བྱུང་	བྱུང་	VERB
ན་	ནས་	PART
།		PUNCT
ཐ་	ཐ་	NOUN
འི་	གི་	PART
ཛུང་		NON_WORD
ཤེལ་	ཤེལ་	NOUN
ཆུ་		
བྲོས་པ་	བྲོས་པ་	VERB
འི་	གི་	PART
ཤུལ་	ཤུལ་	NOUN
དུ་	ལ་	PART
།		PUNCT
རྒྱལ་པོ་	རྒྱལ་པོ་	NOUN
འི་	གི་	PART
བློན་པོ་	བློན་པོ་	NOUN
ཀའུ་	ཀའུ་	NO_POS
ཧིས་		NON_WORD
བོད་	བོད་	PROPN
ལ་	ལ་	PART
ངོ་	གོ་	PART
བལྟ་	བལྟ་	VERB
།		PUNCT
བོད་	བོད་	PROPN
དམག་	དམག་	NOUN
ཀི་	ཀི་	ADP
མ་	མ་	PART
བྱང་	བྱང་	NOUN
ཧུར་	ཧུར་	NO_POS
འོང་	འོང་	VERB
།		PUNCT
ཐང་	ཐང་	NOUN
གི་	གི་	PART
རྒྱལ་པོ་	རྒྱལ་པོ་	NOUN
གའུ་	གའུ་	NO_POS
དབང་	དབང་	NOUN
ཞེས་་	ཞེས་པ་	PART
བསྐོས་	བསྐོས་	NO_POS
།		PUNCT
རྒྱ་	རྒྱ་	NOUN
འི་	གི་	PART
ལོ་	གོ་	PART
མིང་	མིང་	NOUN
སྤོ་	སྤོ་	NOUN
།		PUNCT
འཇའ་ས་	འཇའ་ས་	NO_POS
འགྲེམས་	འགྲེམས་	NO_POS
དུ་	ལ་	PART
བཅུག་	བཅུག་	VERB
ཕྱི་	ཕྱི་	NOUN
འི་	གི་	PART
རྒྱལ་པོ་	རྒྱལ་པོ་	NOUN
གའུ་	གའུ་	NO_POS
དབང་	དབང་	NOUN
བསད་	བསད་	NO_POS
བོད་	བོད་	PROPN
དམག་	དམག་	NOUN
རྣམས་	རྣམས་	DET
བཏོན་	བཏོན་	NO_POS
ན་	ནས་	PART
།		PUNCT
ཐ་	ཐ་	NOUN
འི་	གི་	PART
ཛུང་		NON_WORD
གི་	གི་	PART
རྒྱལ་ས་	རྒྱལ་ས་	OTHER
ལོ་	གོ་	PART
བདུན་	བདུན་	NUM
བཟུང་	བཟུང་	NO_POS
།		PUNCT
ལྔ་	ལྔ་	NUM
བཅུ་	བཅུ་	NUM
ལོ་པ་	ལོ་པ་	NO_POS
མེ་མོ་	མེ་མོ་	NO_POS
ལུག་	ལུག་	NOUN
ལ་	ལ་	PART
འདའ་	འདའ་	VERB
།		PUNCT
དེ་	དེ་	DET
འི་	གི་	PART
བུ་	བུ་	NOUN
ཆེ་བ་	ཆེ་བ་	VERB
དིང་	དིང་	NO_POS
ཛུང་		NON_WORD
།		PUNCT
ལྕགས་ཕོ་	ལྕགས་ཕོ་	NO_POS
སྤྲེའུ་	སྤྲེའུ་	NOUN
ཡི་	གི་	PART
ལོ་	གོ་	PART
ལ་	ལ་	PART
རྒྱལ་ས་	རྒྱལ་ས་	OTHER
ར་	ལ་	PART
བཏོན་	བཏོན་	NO_POS
།		PUNCT
དིང་	དིང་	NO_POS
ཛུང་		NON_WORD
བསམ་པ་	བསམ་པ་	VERB
ཆེ་བ་	ཆེ་བ་	VERB
ས་	གིས་	PART
།		PUNCT
ལོ་	གོ་	PART
མང་པོ་	མང་པོ་	ADJ
རྒྱ་བོད་	རྒྱ་བོད་	PROPN
འཁྲུག་པ་	འཁྲུག་པ་	VERB
མ་	མ་	PART
བྱུང་	བྱུང་	VERB
།		PUNCT
དེ་དུས་	དེ་དུས་	PRON
རྒྱ་བོད་	རྒྱ་བོད་	PROPN
ཀྱི་	གི་	PART
ཚིགས་	ཚིགས་	NOUN
།		PUNCT
མི་	མི་	PART
ཉག་	ཉག་	NOUN
ཡུལ་	ཡུལ་	NOUN
ན་	ནས་	PART
ཧ་ལ་	ཧ་ལ་	NO_POS
ཤཱན་		NON_WORD
དུ་	ལ་	PART
བྱ་	བྱ་	VERB
།		PUNCT
བོད་	བོད་	PROPN
ཀྱི་	གི་	PART
རྒྱལ་ཁམས་	རྒྱལ་ཁམས་	NOUN
ཀྱི་	གི་	PART
མཚམས་	མཚམས་	NOUN
ནི་	ནི་	NO_POS
།		PUNCT
ནུབ་	ནུབ་	ADV
ཏུ་	ལ་	PART
ལན་	ལན་	NOUN
ཇུ་	ཇུ་	NO_POS
།		PUNCT
ཝི་		NON_WORD
ཇིའུ་		NON_WORD
།		PUNCT
ཝན་		NON_WORD
ཇེའུ་		NON_WORD
།		PUNCT
ཧེ་	ཧེ་	INTJ
འི་	གི་	PART
ཇིའུ་		NON_WORD
།		PUNCT
ཤ་	ཤ་	VERB
དུ་	ལ་	PART
ཤིང་ཀུན་	ཤིང་ཀུན་	NO_POS
།		PUNCT
ལྷོ་	ལྷོ་	NOUN
ར་	ལ་	PART
ཇེའུ་		NON_WORD
དང་	དང་	NO_POS
།		PUNCT
གྱང་	གྱང་	NOUN
ནམ་	གམ་	PART
གྱི་	གི་	PART
བ་	བ་	NOUN
།		PUNCT
བྱང་	བྱང་	NOUN
ནི་	ནི་	NO_POS
བྱང་	བྱང་	NOUN
དུ་	ལ་	PART
ཏེའི་		NON_WORD
ཏུ་	ལ་	PART
ན་	ནས་	PART
།		PUNCT
ལྷོ་ནུབ་	ལྷོ་ནུབ་	NO_POS
ཀྱི་	གི་	PART
བ་	བ་	NOUN
དང་	དང་	NO_POS
།		PUNCT
རྨ་ཆུ་	རྨ་ཆུ་	OTHER
འི་	གི་	PART
བྱང་ཕྱོགས་	བྱང་ཕྱོགས་	NOUN
ཕན་ཆད་	ཕན་ཆད་	ADV
བོད་	བོད་	PROPN
ཀྱི་	གི་	PART
ས་ཆ་	ས་ཆ་	NOUN
ར་	ལ་	PART
བྱ་	བྱ་	VERB
།		PUNCT
རྒྱ་	རྒྱ་	NOUN
འི་	གི་	PART
ས་མཐའ་	ས་མཐའ་	OTHER
ནི་	ནི་	NO_POS
།		PUNCT
ཀེ་	ཀེ་	PROPN
ཇེའུ་		NON_WORD
།		PUNCT
ཕྱོགས་	ཕྱོགས་	NOUN
ཐན་	ཐན་	NO_POS
ཇིང་		NON_WORD
ཧ་	ཧ་	NOUN
།		PUNCT
ལུ་	ལུ་	NO_POS
ཇུ་	ཇུ་	NO_POS
ལ་	ལ་	PART
ཤིང་	ཅིང་	PART
ཧུ་	ཧུ་	NO_POS
།		PUNCT
ཧུང་		NON_WORD
ཅེའུ་		NON_WORD
།		PUNCT
ཐང་	ཐང་	NOUN
ཀུ་	ཀུ་	NO_POS
།		PUNCT
སི་	སི་	OTHER
ཆོན་	ཆོན་	NO_POS
ལ་	ལ་	PART
ཐ་	ཐ་	NOUN
འི་	གི་	PART
ཏུ་	ལ་	PART
ཧ་	ཧ་	NOUN
།		PUNCT
ཚུན་ཆད་	ཚུན་ཆད་	ADV
ཐང་	ཐང་	NOUN
གི་	གི་	PART
ས་ཆ་	ས་ཆ་	NOUN
ར་	ལ་	PART
བྱ་	བྱ་	VERB
།		PUNCT
ས་མཚམས་	ས་མཚམས་	NOUN
ཀྱི་	གི་	PART
བ་	བ་	NOUN
།		PUNCT
སུག་	སུག་	NOUN
བཅུ་	བཅུ་	NUM
དང་	དང་	NO_POS
།		PUNCT
ཙ་	ཙ་	NOUN
བྱེའུ་	བྱེའུ་	NOUN
དང་	དང་	NO_POS
།		PUNCT
ཧ་ལ་	ཧ་ལ་	NO_POS
ཤན་	ཤན་	NOUN
།		PUNCT
ཐ་	ཐ་	NOUN
ཐ་	ཐ་	NOUN
ལིང་	ལིང་	ADV
རྣམས་	རྣམས་	DET
སྟོང་པ་	སྟོང་པ་	VERB
ར་	ལ་	PART
བཞག་	བཞག་	VERB
ན་	ནས་	PART
།		PUNCT
གཉིས་ཀ་	གཉིས་ཀ་	OTHER
ས་	གིས་	PART
མི་	མི་	PART
འཛིན་པ་	འཛིན་པ་	VERB
ར་	ལ་	PART
བྱ་	བྱ་	VERB
།		PUNCT
ཕྱི་	ཕྱི་	VERB
རྒྱ་བོད་	རྒྱ་བོད་	PROPN
འཁྲུག་པ་	འཁྲུག་པ་	VERB
མང་	མང་	VERB
དུ་	ལ་	PART
བྱུང་	བྱུང་	VERB
ཞིང་	ཅིང་	PART
།		PUNCT
མེ་མོ་	མེ་མོ་	NO_POS
གླང་	གླང་	NOUN
ལ་	ལ་	PART
བོད་	བོད་	PROPN
ཀྱི་	གི་	PART
རྒྱལ་པོ་	རྒྱལ་པོ་	NOUN
མུ་	མུ་	NOUN
ནེ་	ནེ་	NO_POS
བཙན་པོ་	བཙན་པོ་	NOUN
འདའ་	འདའ་	VERB
།		PUNCT
དེ་	སྟེ་	PART
ཛུང་		NON_WORD
གིས་	གིས་	PART
རྒྱལ་ས་	རྒྱལ་ས་	OTHER
ལོ་	གོ་	PART
ཉི་ཤུ་	ཉི་ཤུ་	NUM
རྩ་	རྩ་	NUM
ལྔ་	ལྔ་	NUM
བཟུང་	བཟུང་	NO_POS
།		PUNCT
དྲུག་ཅུ་	དྲུག་ཅུ་	NUM
རྩ་	རྩ་	NUM
བཞི་པ་	བཞི་པ་	ADJ
ཤིང་མོ་	ཤིང་མོ་	NO_POS
བྱ་	བྱ་	VERB
ལ་	ལ་	PART
འདའ་	འདའ་	VERB
།		PUNCT
དེ་	དེ་	DET
འི་	གི་	PART
བུ་	བུ་	NOUN
ཆེ་བ་	ཆེ་བ་	VERB
།		PUNCT
ཤུན་	ཤུན་	NO_POS
ཛུང་		NON_WORD
།		PUNCT
ལོ་	གོ་	PART
དེ་	སྟེ་	PART
ལ་	ལ་	PART
རྒྱལ་ས་	རྒྱལ་ས་	OTHER
ར་	ལ་	PART
བསྐོས་	བསྐོས་	NO_POS
།		PUNCT
རྒྱལ་པོ་	རྒྱལ་པོ་	NOUN
ལོ་	གོ་	PART
གཅིག་	གཅིག་	NUM
བྱ་	བྱ་	VERB
།		PUNCT
བཞི་	བཞི་	NUM
ཅུ་	ཅུ་	NUM
རྩ་	རྩ་	NUM
དྲུག་པ་	དྲུག་པ་	NUM
མེ་ཕོ་	མེ་ཕོ་	OTHER
ཁྱི་	ཁྱི་	NOUN
ལ་	ལ་	PART
འདའ་	འདའ་	VERB
།		PUNCT
དེ་	དེ་	DET
འི་	གི་	PART
བུ་	བུ་	NOUN
ཆེ་བ་	ཆེ་བ་	VERB
ཧུན་		NON_WORD
ཛུང་		NON_WORD
།		PUNCT
ལོ་	གོ་	PART
དེ་	སྟེ་	PART
ལ་	ལ་	PART
རྒྱལ་ས་	རྒྱལ་ས་	OTHER
ར་	ལ་	PART
བསྐོས་	བསྐོས་	NO_POS
།		PUNCT
བྱི་བ་	བྱི་བ་	NOUN
ལོ་	གོ་	PART
ལ་	ལ་	PART
འདའ་	འདའ་	VERB
།		PUNCT
དེ་	དེ་	DET
འི་	གི་	PART
བུ་	བུ་	NOUN
མུ་	མུ་	NOUN
ཛུང་		NON_WORD
གླང་ལོ་	གླང་ལོ་	NO_POS
ལ་	ལ་	PART
བསྐོས་	བསྐོས་	NO_POS
དེ་	སྟེ་	PART
ཤེད་	ཤེད་	NOUN
དུ་	ལ་	PART
།		PUNCT
ལྷ་ས་	ལྷ་ས་	PROPN
འི་	གི་	PART
ཐང་	ཐང་	NOUN
དུ་	ལ་	PART
བོད་	བོད་	PROPN
ཀྱི་	གི་	PART
བློན་པོ་	བློན་པོ་	NOUN
ཚོགས་	ཚོགས་	NOUN
།		PUNCT
བན་ཆེན་པོ་	བན་ཆེན་པོ་	NO_POS
ས་	གིས་	PART
མནའ་ཚིག་	མནའ་ཚིག་	NO_POS
བཏོན་	བཏོན་	NO_POS
།		PUNCT
བདེན་པ་	བདེན་པ་	VERB
བདར་	བདར་	OTHER
།		PUNCT
ཐམས་ཅད་	ཐམས་ཅད་	DET
གཙིགས་	གཙིགས་	NO_POS
དང་	དང་	NO_POS
མནའ་	མནའ་	NOUN
ཆད་	ཆད་	VERB
བྱ་	བྱ་	VERB
སོ་	གོ་	PART
། །		PUNCT
མུང་		NON_WORD
ཛུང་		NON_WORD
མེ་ཕོ་	མེ་ཕོ་	OTHER
རྟ་ལ་	རྟ་ལ་	NO_POS
བླཽན་པོ་	བླཽན་པོ་	NON_WORD
ས་	གིས་	PART
བཀྲོངས་	བཀྲོངས་	NO_POS
།		PUNCT
དེ་	དེ་	DET
འི་	གི་	PART
བུ་	བུ་	NOUN
གཉིས་པ་	གཉིས་པ་	NUM
བུ་	བུ་	NOUN
ཛུང་		NON_WORD
མེ་མོ་	མེ་མོ་	NO_POS
ལུག་	ལུག་	NOUN
ལ་	ལ་	PART
བསྐོས་	བསྐོས་	NO_POS
།		PUNCT
ས་མོ་	ས་མོ་	NO_POS
ལུག་	ལུག་	NOUN
ཡན་ཆོད་	ཡན་ཆོད་	NO_POS
ལ་ལོ་	ལ་ལོ་	NO_POS
ཉི་	ཉི་	NUM
བརྒྱ་	བརྒྱ་	NUM
དང་	དང་	NO_POS
བརྒྱད་	བརྒྱད་	NUM
སོང་	སོང་	VERB
།		PUNCT
བུ་	བུ་	NOUN
ཛུང་		NON_WORD
གི་	གི་	PART
ལོ་	གོ་	PART
བཅུ་གཉིས་	བཅུ་གཉིས་	NO_POS
སྲིད་	སྲིད་	NOUN
བཟུང་	བཟུང་	NO_POS
།		PUNCT
སུམ་ཅུ་པ་	སུམ་ཅུ་པ་	OTHER
ཤིང་ཕོ་	ཤིང་ཕོ་	NO_POS
འབྲུག་	འབྲུག་	NOUN
ལ་	ལ་	PART
འདའ་	འདའ་	VERB
།		PUNCT
ལོ་	གོ་	PART
དེ་	སྟེ་	PART
ལ་	ལ་	PART
བུ་	བུ་	NOUN
ཛུང་		NON_WORD
གི་	གི་	PART
བུ་	བུ་	NOUN
ལྔ་པ་	ལྔ་པ་	NUM
ཝུ་		NON_WORD
ཛུང་		NON_WORD
བསྐོས་	བསྐོས་	NO_POS
།		PUNCT
ལོ་	གོ་	PART
དྲུག་	དྲུག་	NUM
སྲིད་	སྲིད་	NOUN
བསྐྱངས་	བསྐྱངས་	NO_POS
།		PUNCT
སུམ་ཅུ་	སུམ་ཅུ་	OTHER
སོ་	གོ་	PART
བཞི་	བཞི་	NUM
ཤིང་མོ་	ཤིང་མོ་	NO_POS
གླང་	གླང་	NOUN
ལ་	ལ་	PART
འདའ་	འདའ་	VERB
།		PUNCT
མེ་ཕོ་	མེ་ཕོ་	OTHER
སྟག་	སྟག་	NOUN
ལ་	ལ་	PART
བུ་	བུ་	NOUN
ཛུང་		NON_WORD
གི་	གི་	PART
བུ་	བུ་	NOUN
བཅུ་གསུམ་པ་	བཅུ་གསུམ་པ་	NO_POS
།		PUNCT
ཟོན་	ཟོན་	VERB
ཛུང་		NON_WORD
བསྐོས་	བསྐོས་	NO_POS
།		PUNCT
དེ་ནས་	དེ་ནས་	NO_POS
བོད་	བོད་	PROPN
ཀྱི་	གི་	PART
ས་ཆ་	ས་ཆ་	NOUN
ཕལ་ཆེ་བ་	ཕལ་ཆེ་བ་	OTHER
རྒྱ་	རྒྱ་	VERB
བླངས་	བླངས་	VERB
།		PUNCT
དང་པོ་	དང་པོ་	ADJ
ཐང་	ཐང་	NOUN
གི་	གི་	PART
རྒྱལ་ཁམས་	རྒྱལ་ཁམས་	NOUN
ཀིཾ་		NON_WORD
ཇང་		NON_WORD
ཧུ་	ཧུ་	NO_POS
ན་	ནས་	PART
བོད་	བོད་	PROPN
ཀྱི་	གི་	PART
བ་	བ་	NOUN
ལ་	ལ་	PART
ས་ལེ་	ས་ལེ་	ADV
བར་སྟོང་	བར་སྟོང་	NO_POS
ཚོ་	ཚོ་	DET
དགུ་	དགུ་	NUM
དང་	དང་	NO_POS
།		PUNCT
དགུ་	དགུ་	NUM
བརྒྱ་	བརྒྱ་	NUM
ཡོད་	ཡོད་	VERB
།		PUNCT
ཕྱི་	ཕྱི་	VERB
ཟོན་	ཟོན་	VERB
ཛུང་		NON_WORD
ན་	ནས་	PART
བཟུང་	བཟུང་	NO_POS
སྟེ་	སྟེ་	PART
།		PUNCT
བོད་	བོད་	PROPN
ལ་	ལ་	PART
མཁའ་	མཁའ་	NOUN
མིག་	མིག་	NOUN
གསུམ་	གསུམ་	NUM
བརྒྱ་	བརྒྱ་	NUM
ཤོ་	ཤོ་	NOUN
ར་	ལ་	PART
།		PUNCT
ཡང་	ཀྱང་	PART
ཐང་	ཐང་	NOUN
གི་	གི་	PART
ཐམས་ཅད་	ཐམས་ཅད་	DET
ཐོབ་	ཐོབ་	VERB
།		PUNCT
ཟོན་	ཟོན་	VERB
ཛུང་		NON_WORD
གི་	གི་	PART
ལོ་	གོ་	PART
བཅུ་བཞི་	བཅུ་བཞི་	NO_POS
སྲིད་	སྲིད་	NOUN
བཟུང་	བཟུང་	NO_POS
ལྔ་	ལྔ་	NUM
བཅུ་པ་	བཅུ་པ་	NUM
མེ་མོ་ཡོས་	མེ་མོ་ཡོས་	NOUN
ལ་	ལ་	PART
འདའ་	འདའ་	VERB
།		PUNCT
ས་ཕོ་	ས་ཕོ་	NO_POS
འབྲུག་	འབྲུག་	NOUN
ལ་	ལ་	PART
༑		PUNCT
དེ་	དེ་	DET
འི་	གི་	PART
བུ་	བུ་	NOUN
ཆེ་བ་	ཆེ་བ་	VERB
གྷིང་		NON_WORD
ཛུང་		NON_WORD
བསྐོས་	བསྐོས་	NO_POS
།		PUNCT
དེ་	སྟེ་	PART
ཕན་ཆད་	ཕན་ཆད་	ADV
བོད་	བོད་	PROPN
དང་	དང་	NO_POS
འབྲེལ་	འབྲེལ་	VERB
ཆེ་	ཆེ་	VERB
འོ་	གོ་	PART
། །		PUNCT
དེ་ལྟ་	དེ་ལྟ་	NO_POS
ཐང་	ཐང་	NOUN
གིས་	གིས་	PART
རྒྱལ་པོ་	རྒྱལ་པོ་	NOUN
ཀའུ་	ཀའུ་	NO_POS
ཛུང་		NON_WORD
ན་	ནས་	PART
།		PUNCT
འདི་	འདི་	DET
ཡན་ཆད་	ཡན་ཆད་	ADV
ལ་ལོ་	ལ་ལོ་	NO_POS
ཉི་	ཉི་	NUM
བརྒྱ་	བརྒྱ་	NUM
དང་	དང་	NO_POS
སུམ་ཅུ་	སུམ་ཅུ་	OTHER
སོ་	གོ་	PART
དགུ་	དགུ་	NUM
སོང་	སོང་	VERB
།		PUNCT
གྷིང་		NON_WORD
ཛུང་		NON_WORD
གི་	གི་	PART
རྒྱལ་སྲིད་	རྒྱལ་སྲིད་	NOUN
ལོ་	གོ་	PART
བཅུ་བཞི་	བཅུ་བཞི་	NO_POS
བྱ་	བྱ་	VERB
།		PUNCT
ཆུ་ཕོ་	ཆུ་ཕོ་	NO_POS
འབྲུག་	འབྲུག་	NOUN
ལ་	ལ་	PART
འདའ་	འདའ་	VERB
།		PUNCT
ཤིང་ཕོ་	ཤིང་ཕོ་	NO_POS
རྟ་ལ་	རྟ་ལ་	NO_POS
དེ་	དེ་	DET
འི་	གི་	PART
བུ་	བུ་	NOUN
ལྔ་པ་	ལྔ་པ་	NUM
།		PUNCT
ཧྱིང་		NON_WORD
ཛུང་		NON_WORD
བསྐོས་	བསྐོས་	NO_POS
།		PUNCT
ལོ་	གོ་	PART
བཅོ་ལྔ་	བཅོ་ལྔ་	NO_POS
སྲིད་	སྲིད་	NOUN
བཟུང་	བཟུང་	NO_POS
།		PUNCT
ས་ཕོ་	ས་ཕོ་	NO_POS
སྤྲེའུ་	སྤྲེའུ་	NOUN
ལ་	ལ་	PART
འདའ་	འདའ་	VERB
།		PUNCT
ལོ་	གོ་	PART
དེ་	སྟེ་	PART
ལ་	ལ་	PART
དེ་	དེ་	DET
འི་	གི་	PART
བུ་	བུ་	NOUN
བདུན་པ་	བདུན་པ་	NUM
ཇེའུ་		NON_WORD
ཛུང་		NON_WORD
བསྐོས་	བསྐོས་	NO_POS
།		PUNCT
ལོ་	གོ་	PART
བཅུ་བཞི་	བཅུ་བཞི་	NO_POS
སྲིད་	སྲིད་	NOUN
བཟུང་	བཟུང་	NO_POS
།		PUNCT
ཆུ་མོ་	ཆུ་མོ་	OTHER
ཕག་	ཕག་	NOUN
ལ་	ལ་	PART
འདའ་	འདའ་	VERB
།		PUNCT
ཤིང་ཕོ་	ཤིང་ཕོ་	NO_POS
བྱི་བ་	བྱི་བ་	NOUN
ལ་	ལ་	PART
དེ་	དེ་	DET
འི་	གི་	PART
བུ་	བུ་	NOUN
དགུ་པ་	དགུ་པ་	ADJ
ང་	ང་	PRON
འི་	གི་	PART
དིང་	དིང་	NO_POS
བསྐོས་	བསྐོས་	NO_POS
།		PUNCT
ལོ་	གོ་	PART
བཞི་	བཞི་	NUM
སྲིད་	སྲིད་	NOUN
བཟུང་	བཟུང་	NO_POS
།		PUNCT
མེ་	མེ་	NOUN
ཡོ་	ཡོ་	NOUN
ལ་	ལ་	PART
འདའ་	འདའ་	VERB
།		PUNCT
དེ་ནས་	དེ་ནས་	NO_POS
ཐང་	ཐང་	NOUN
གི་	གི་	PART
རྒྱལ་རབས་	རྒྱལ་རབས་	NOUN
ཆད་	ཆད་	VERB
།		PUNCT
དེ་ཡན་	དེ་ཡན་	NO_POS
ལ་	ལ་	PART
རྒྱལ་པོ་	རྒྱལ་པོ་	NOUN
ཉི་ཤུ་	ཉི་ཤུ་	NUM
བྱུང་	བྱུང་	VERB
ངོ་	གོ་	PART
། །		PUNCT
རྒྱལ་ཁམས་	རྒྱལ་ཁམས་	NOUN
གྱི་	གི་	PART
བདག་པོ་	བདག་པོ་	NOUN
ལོ་	གོ་	PART
བརྒྱ་	བརྒྱ་	NUM
དང་	དང་	NO_POS
།		PUNCT
བརྒྱད་ཅུ་	བརྒྱད་ཅུ་	NO_POS
རྩ་	རྩ་	NUM
བརྒྱད་	བརྒྱད་	NUM
བྱ་	བྱ་	VERB
།		PUNCT
དེ་	དེ་	DET
ས་	གིས་	PART
རྗེས་སུ་	རྗེས་སུ་	OTHER
མྱང་	མྱང་	VERB
ཞེས་་	ཞེས་པ་	PART
ལ་	ལ་	PART
རྒྱལ་ས་	རྒྱལ་ས་	OTHER
འཕོས་པ་	འཕོས་པ་	VERB
ཡིན་	ཡིན་	NO_POS
ནོ་	གོ་	PART
། །		PUNCT
རྒྱ་བོད་	རྒྱ་བོད་	PROPN
ཀྱི་	གི་	PART
ལོ་རྒྱུས་	ལོ་རྒྱུས་	NOUN
འདི་	འདི་	DET
།		PUNCT
ཐ་	ཐ་	NOUN
འི་	གི་	PART
ཛུང་		NON_WORD
གི་	གི་	PART
དུས་	དུས་	NOUN
ཀྱི་	གི་	PART
ཡིག་ཚང་པ་	ཡིག་ཚང་པ་	NOUN
འབའ་	འབའ་	DET
སུ་	ལ་	PART
ཁྱི་	ཁྱི་	NOUN
བྱ་བ་	བྱ་བ་	VERB
ས་	གིས་	PART
བརྩམས་	བརྩམས་	VERB
།		PUNCT
ཕྱི་	ཕྱི་	VERB
ན་	ལ་	PART
ཧན་	ཧན་	PROPN
སེའུ་	སེའུ་	NOUN
ཚ་		
བཏུས་	བཏུས་	NO_POS
ཏེ་	སྟེ་	PART
བསྡེབས་	བསྡེབས་	NO_POS
།		PUNCT
རྒྱ་	རྒྱ་	NOUN
འི་	གི་	PART
ལོ་ཙཱ་བ་	ལོ་ཙཱ་བ་	NOUN
ཧུ་	ཧུ་	NO_POS
གྱང་	གྱང་	NOUN
ཇུས་	ཇུས་	NO_POS
།		PUNCT
ཤིང་མོ་	ཤིང་མོ་	NO_POS
བྱ་	བྱ་	VERB
ལ་	ལ་	PART
།		PUNCT
ཤིང་ཀུན་	ཤིང་ཀུན་	NO_POS
དུ་	ལ་	PART
བསྒྱུར་	བསྒྱུར་	VERB
།		PUNCT
བླ་མ་	བླ་མ་	NOUN
རིན་ཆེན་	རིན་ཆེན་	OTHER
གྲག་	གྲག་	VERB
གུ་	གུ་	OTHER
ཤྲཱིས་		NON_WORD
།		PUNCT
ཤིང་མོ་	ཤིང་མོ་	NO_POS
གླང་	གླང་	NOUN
ལ་	ལ་	PART
བོད་ཡིག་	བོད་ཡིག་	NOUN
གིས་པ་	གིས་པ་	PART
ར་	ལ་	PART
དུ་	ལ་	PART
བཏབ་	བཏབ་	VERB
།		PUNCT
འདི་	འདི་	DET
ལ་ལོ་	ལ་ལོ་	NO_POS
འི་	གི་	PART
དབང་ཐང་	དབང་ཐང་	NOUN
ནོར་པ་	ནོར་པ་	NOUN
འགའ་རེ་	འགའ་རེ་	PRON
སྣང་ངོ་	སྣང་ངོ་	NOUN
། །		PUNCT
ཐུ་	ཐུ་	NO_POS
ཡུས་	ཡུས་	NOUN
ཧུན་		NON_WORD
།		PUNCT
ཧོར་	ཧོར་	PROPN
སེ་	སེ་	NO_POS
ར་	ལ་	PART
ཡིན་	ཡིན་	NO_POS
།		PUNCT
ཝུ་		NON_WORD
ཐེན་	ཐེན་	NO_POS
།		PUNCT
ཨོ་	ཨོ་	NO_POS
ཐོན་	ཐོན་	VERB
ཡིན་	ཡིན་	NO_POS
།		PUNCT
ཞིབ་པ་	ཞིབ་པ་	NOUN
ར་	ལ་	PART
རྒྱ་	རྒྱ་	NOUN
འི་	གི་	PART
ཡིག་ཚང་	ཡིག་ཚང་	NOUN
ཐང་	ཐང་	NOUN
ཤུ་	ཤུ་	NO_POS
ཐུ་	ཐུ་	NO_POS
ཧྥན་		NON_WORD
།		PUNCT
མཚན་ཉིད་	མཚན་ཉིད་	NOUN
ལ་སོགས་པ་	ལ་སོགས་པ་	NO_POS
ར་	ལ་	PART
བལྟ་	བལྟ་	VERB
འོ་	གོ་	PART
། །		PUNCT
དེ་ཡང་	དེ་ཡང་	ADV
ཐང་	ཐང་	NOUN
གི་	གི་	PART
རྒྱལ་པོ་	རྒྱལ་པོ་	NOUN
འི་	གི་	PART
དུས་	དུས་	NOUN
སུ་	ལ་	PART
།		PUNCT
ཧང་	ཧང་	NO_POS
མ་	མ་	PART
འི་	གི་	PART
ཟེར་བ་	ཟེར་བ་	VERB
།		PUNCT
སེའུ་	སེའུ་	NOUN
ཚེ་	ཚེ་	NOUN
གཅིག་	གཅིག་	NUM
གི་	གི་	PART
ངོ་ལོག་	ངོ་ལོག་	OTHER
ན་	ནས་	PART
།		PUNCT
རྒྱལ་པོ་	རྒྱལ་པོ་	NOUN
བྱ་	བྱ་	VERB
།		PUNCT
ཇུ་	ཇུ་	NO_POS
ཝུན་		NON_WORD
ཟེར་བ་	ཟེར་བ་	VERB
ས་	གིས་	PART
།		PUNCT
བློན་པོ་	བློན་པོ་	NOUN
བྱ་	བྱ་	VERB
།		PUNCT
རྟིང་	རྟིང་	NO_POS
ལ་	ལ་	PART
ཛུ་		NON_WORD
ཝུན་		NON_WORD
གྱིས་	གིས་	PART
།		PUNCT
ཐང་ལ་	ཐང་ལ་	NO_POS
ངོ་ལྟ་	ངོ་ལྟ་	NO_POS
ས་	གིས་	PART
ན་	ནས་	PART
།		PUNCT
ཆུ་	ཆུ་	NOUN
མི་	མི་	PART
དབྱེན་	དབྱེན་	NOUN
གྱི་	གི་	PART
དམག་དཔོན་	དམག་དཔོན་	NOUN
བྱ་	བྱ་	VERB
།		PUNCT
དེ་	དེ་	DET
འི་	གི་	PART
རྟིང་སོ་	རྟིང་སོ་	ADV
ར་	ལ་	PART
ངོ་ལོག་	ངོ་ལོག་	OTHER
ན་	ནས་	PART
།		PUNCT
རྒྱལ་ས་	རྒྱལ་ས་	OTHER
ཕྲོགས་པ་	ཕྲོགས་པ་	VERB
ས་	གིས་	PART
།		PUNCT
མྱང་	མྱང་	VERB
རྒྱལ་པོ་	རྒྱལ་པོ་	NOUN
ཞེ་	ཅེས་	PART
བྱ་བ་	བྱ་བ་	VERB
འི་	གི་	PART
རྒྱུད་	རྒྱུད་	NOUN
བྱུང་	བྱུང་	VERB
།		PUNCT
དེ་	སྟེ་	PART
ལ་སོགས་	ལ་སོགས་	NO_POS
པ་རུ་	པ་རུ་	NO_POS
ས་	གིས་	PART
མི་	མི་	PART
གཅིག་པ་	གཅིག་པ་	ADJ
འི་	གི་	PART
མི་	མི་	PART
རབས་	རབས་	NOUN
ཚན་པ་	ཚན་པ་	OTHER
ལྔ་	ལྔ་	NUM
ལ་	ལ་	PART
།		PUNCT
རྒྱལ་པོ་	རྒྱལ་པོ་	NOUN
བཅོ་ལྔ་	བཅོ་ལྔ་	NO_POS
བྱུང་	བྱུང་	VERB
།		PUNCT
ལོ་	གོ་	PART
ལྔ་	ལྔ་	NUM
བཅུ་	བཅུ་	NUM
ཐམས་པ་	ཐམས་པ་	VERB
རྒྱལ་ས་	རྒྱལ་ས་	OTHER
བཟུང་	བཟུང་	NO_POS
།		PUNCT
དེ་	དེ་	DET
འི་	གི་	PART
རྗེས་	རྗེས་	NOUN
ལ་	ལ་	PART
ཅེའུ་		NON_WORD
ཐ་	ཐ་	NOUN
འི་	གི་	PART
ཛུང་		NON_WORD
ཞེས་་	ཞེས་པ་	PART
འི་	གི་	PART
རྒྱལ་པོ་	རྒྱལ་པོ་	NOUN
ལ་	ལ་	PART
།		PUNCT
སྤེན་	སྤེན་	NO_POS
ལང་	ལང་	NO_POS
གི་	གི་	PART
ས་ཆ་	ས་ཆ་	NOUN
ར་	ལ་	PART
རྒྱལ་པོ་	རྒྱལ་པོ་	NOUN
བརྒྱད་	བརྒྱད་	NUM
བྱུང་	བྱུང་	VERB
།		PUNCT
བརྒྱད་པ་	བརྒྱད་པ་	NUM
།		PUNCT
ཤྭང་		NON_WORD
ཧང་	ཧང་	NO_POS
ཕའུ་		NON_WORD
གཉིས་	གཉིས་	NUM
ཀྱི་	གི་	PART
ལག་ནས་	ལག་ནས་	NO_POS
།		PUNCT
ཆི་	ཆི་	NO_POS
ཏྭ་		NON_WORD
ཏཱའི་		NON_WORD
གླེའུ་	གླེའུ་	NO_POS
ཞེས་་	ཞེས་པ་	PART
འི་	གི་	PART
སྤེན་	སྤེན་	NO_POS
ལང་	ལང་	NO_POS
སོགས་	སོགས་	DET
རྒྱལ་ཁམས་	རྒྱལ་ཁམས་	NOUN
ཀྱི་	གི་	PART
ཕྱེད་	ཕྱེད་	NUM
ཕྲོགས་	ཕྲོགས་	VERB
།		PUNCT
རྒྱལ་ཁམས་	རྒྱལ་ཁམས་	NOUN
དེ་	སྟེ་	PART
ལ་	ལ་	PART
ཏཱའི་		NON_WORD
གླེའུ་	གླེའུ་	NO_POS
ཟེ་	ཟེ་	VERB
།		PUNCT
ཤྭང་		NON_WORD
ཧང་	ཧང་	NO_POS
གི་	གི་	PART
བུ་	བུ་	NOUN
ཁང་	ཁང་	NOUN
དབང་	དབང་	NOUN
ཞེས་་	ཞེས་པ་	PART
།		PUNCT
སྨན་	སྨན་	NOUN
ཚ་	ཚ་	VERB
འི་	གི་	PART
ཡུལ་	ཡུལ་	NOUN
དུ་	ལ་	PART
སོང་	སོང་	VERB
ན་	ནས་	PART
།		PUNCT
ཁྲི་	ཁྲི་	NUM
འི་	གི་	PART
ཡུལ་	ཡུལ་	NOUN
གྱི་	གི་	PART
རྒྱལ་ཁམས་	རྒྱལ་ཁམས་	NOUN
ཕྱེད་པོ་	ཕྱེད་པོ་	NUM
བཟུང་	བཟུང་	NO_POS
ན་	ནས་	PART
།		PUNCT
ཧོར་	ཧོར་	PROPN
གྱི་	གི་	PART
།		PUNCT
ནམ་	གམ་	PART
ཐ་	ཐ་	NOUN
འི་	གི་	PART
ཟེ་	ཟེ་	VERB
།		PUNCT
རྐྱེན་	རྐྱེན་	NOUN
ཁང་	ཁང་	NOUN
ཧང་	ཧང་	NO_POS
ཇེའུར་		NON_WORD
གཏད་	གཏད་	VERB
།		PUNCT
རྒྱལ་ཁམས་	རྒྱལ་ཁམས་	NOUN
དེ་	སྟེ་	PART
ལ་	ལ་	PART
སྲུངས་	སྲུངས་	VERB
ཟེ་	ཟེ་	VERB
།		PUNCT
དེ་ནས་	དེ་ནས་	NO_POS
སྨན་	སྨན་	NOUN
རྩཻར་		NON_WORD
ལྷ་བཙུན་	ལྷ་བཙུན་	OTHER
ཡན་	ཡན་	ADV
ལ་	ལ་	PART
རྒྱལ་རབས་	རྒྱལ་རབས་	NOUN
བརྒྱད་	བརྒྱད་	NUM
བྱུང་	བྱུང་	VERB
།		PUNCT
ཆི་	ཆི་	NO_POS
ཏྭན་		NON_WORD
ཏ་	ཏ་	OTHER
འི་	གི་	PART
གླེའུ་	གླེའུ་	NO_POS
རྒྱལ་པོ་	རྒྱལ་པོ་	NOUN
བརྒྱད་	བརྒྱད་	NUM
ཀྱི་	གི་	PART
རྗེས་སུ་	རྗེས་སུ་	OTHER
བློན་པོ་	བློན་པོ་	NOUN
ཆེ་བ་	ཆེ་བ་	VERB
ནེའུ་	ནེའུ་	NO_POS
རྗེ་	རྗེ་	NO_POS
ཞེས་་	ཞེས་པ་	PART
ལ་	ལ་	ADP
ས་	གིས་	PART
རྒྱལ་ས་	རྒྱལ་ས་	OTHER
བླངས་	བླངས་	VERB
།		PUNCT
དེ་	སྟེ་	PART
ལ་	ལ་	PART
བུ་	བུ་	NOUN
ཨའེ་		NON_WORD
ཏན་	ཏན་	NO_POS
ཁན་	ཁན་	NO_POS
ཟེར་བ་	ཟེར་བ་	VERB
བརྒྱུད་པ་	བརྒྱུད་པ་	VERB
དགུ་	དགུ་	NUM
བྱུང་	བྱུང་	VERB
།		PUNCT
རྒྱལ་ཁམས་	རྒྱལ་ཁམས་	NOUN
ལ་ཏ་	ལ་ཏ་	NO_POS
འི་	གི་	PART
གམ་	གམ་	PART
ཟེ་	ཟེ་	VERB
།		PUNCT
དེ་	དེ་	DET
འི་	གི་	PART
རྒྱལ་པོ་	རྒྱལ་པོ་	NOUN
དགུ་པ་	དགུ་པ་	ADJ
ལ་	ལ་	PART
།		PUNCT
ཧུང་		NON_WORD
དབང་	དབང་	NOUN
ཞེས་་	ཞེས་པ་	PART
འི་	གི་	PART
ལག་ནས་	ལག་ནས་	NO_POS
།		PUNCT
ཧོར་	ཧོར་	PROPN
ཇིང་		NON_WORD
གིར་		NON_WORD
རྒྱལ་པོ་	རྒྱལ་པོ་	NOUN
ས་	གིས་	PART
།		PUNCT
རྒྱལ་ས་	རྒྱལ་ས་	OTHER
བླངས་པ་	བླངས་པ་	VERB
ར་	ལ་	PART
བྱེད་	བྱེད་	VERB
ཅིང་	ཅིང་	PART
།		PUNCT
ཧོར་	ཧོར་	PROPN
གྱི་	གི་	PART
རྒྱལ་ཁམས་	རྒྱལ་ཁམས་	NOUN
ལ་ཏ་	ལ་ཏ་	NO_POS
འི་	གི་	PART
དབེན་	དབེན་	VERB
ཟེར་བ་	ཟེར་བ་	VERB
ས་	གིས་	PART
།		PUNCT
ཏ་	ཏ་	OTHER
འི་	གི་	PART
དབེན་	དབེན་	VERB
ཐོང་	ཐོང་	VERB
ཇིའི་		NON_WORD
དེབ་ཐེར་	དེབ་ཐེར་	NOUN
བྱ་བ་	བྱ་བ་	VERB
།		PUNCT
རྒྱལ་ཁམས་	རྒྱལ་ཁམས་	NOUN
ཀྱི་	གི་	PART
ཁྲིམས་	ཁྲིམས་	NOUN
ཀྱི་	གི་	PART
བྱ་བ་	བྱ་བ་	VERB
ཕྲ་རགས་	ཕྲ་རགས་	NOUN
ཀྱི་	གི་	PART
བཀོད་པ་	བཀོད་པ་	VERB
འི་	གི་	PART
དེབ་ཐེར་	དེབ་ཐེར་	NOUN
དེ་	སྟེ་	PART
ནང་	ནང་	NOUN
དུ་	ལ་	PART
གསལ་བ་	གསལ་བ་	VERB
འོ་	གོ་	PART
། །		PUNCT
ཞེ་	ཅེས་	PART
ཛམ་		NON_WORD
བྷ་	བྷ་	NO_POS
ལྷ་	ལྷ་	NOUN
ཏྭན་		NON_WORD
ཤྲཱིས་		NON_WORD
མགོན་	མགོན་	NOUN
གྱིས་	གིས་	PART
སྨྲས་པ་	སྨྲས་པ་	VERB
རྣམས་	རྣམས་	DET
བྲིས་པ་	བྲིས་པ་	VERB
འོ་	གོ་	PART
།། །།		PUNCT
མེས་པོ་	མེས་པོ་	NOUN
འི་	གི་	PART
ཤུལ་	ཤུལ་	NOUN
བཞག་	བཞག་	VERB
ལ་	ལ་	ADP
ས་	གིས་	PART
།		PUNCT
རྒྱལ་རབས་	རྒྱལ་རབས་	NOUN
མང་པོ་	མང་པོ་	ADJ
འི་	གི་	PART
ལེགས་བཤད་	ལེགས་བཤད་	NOUN
རྣམ་	རྣམ་	NOUN
གྲངས་	གྲངས་	NOUN
ཡིད་	ཡིད་	NOUN
འཛིན་	འཛིན་	VERB
ནོར་བུ་	ནོར་བུ་	NOUN
འི་	གི་	PART
ཕྲེང་བ་	ཕྲེང་བ་	NOUN
།		PUNCT
བློ་ལྡན་	བློ་ལྡན་	NOUN
རྒྱན་	རྒྱན་	NOUN
ནག་	ནག་	VERB
གི་	གི་	PART
རྒྱལ་རབས་	རྒྱལ་རབས་	NOUN
།		PUNCT
		
